nct_id,brief_title,phase,phase_simple,overall_status,enrollment,lead_sponsor,company,sponsor_scale,is_industry,is_big_pharma,arm_structure,n_arms,comparator_B,experimental_A,targets,modalities,biomarkers_pipeline,tme_relevant,is_combination,PD-L1,sarcomatoid,first_line,later_line,biomarker_selected
NCT00715442,Pre-Surgical Sutent in Renal Cell Carcinoma (RCC),PHASE2,Phase 2,ACTIVE_NOT_RECRUITING,50,M.D. Anderson Cancer Center,M.D. Anderson Cancer Center,697,0,1,single_arm,1,nephrectomy;sunitinib,nephrectomy;sunitinib,VEGF/VEGFR,Small Molecule,,0,1,0,0,0,0,0
NCT01217931,Sequential Two-agent Assessment in Renal Cell Carcinoma Therapy: The START Trial,PHASE2,Phase 2,ACTIVE_NOT_RECRUITING,180,M.D. Anderson Cancer Center,M.D. Anderson Cancer Center,697,0,1,multi_experimental,6,,bevacizumab;everolimus;pazopanib,VEGF/VEGFR,Small Molecule,,0,1,0,0,0,1,0
NCT01366144,"Veliparib, Paclitaxel, and Carboplatin in Treating Patients With Solid Tumors That Are Metastatic or Cannot Be Removed by Surgery and Liver or Kidney Dysfunction",PHASE1,Phase 1,ACTIVE_NOT_RECRUITING,94,National Cancer Institute (NCI),National Cancer Institute (NCI),18,0,0,single_arm,1,carboplatin;laboratory biomarker analysis;paclitaxel;pharmacological study;veliparib,carboplatin;laboratory biomarker analysis;paclitaxel;pharmacological study;veliparib,PARP,Small Molecule,BRCA1;BRCA2,0,1,0,0,0,0,0
NCT01684397,Pazopanib Hydrochloride and Bevacizumab in Treating Patients With Previously Untreated Metastatic Kidney Cancer,PHASE1;PHASE2,Phase 2,ACTIVE_NOT_RECRUITING,51,Roswell Park Cancer Institute,Roswell Park Cancer Institute,73,0,1,single_arm,1,bevacizumab;laboratory biomarker analysis;pazopanib hydrochloride;pharmacological study,bevacizumab;laboratory biomarker analysis;pazopanib hydrochloride;pharmacological study,VEGF/VEGFR,Monoclonal Antibody,,1,1,0,0,0,0,0
NCT02293980,"A Phase 1, Dose-Escalation Trial of PT2385 Tablets In Patients With Advanced Clear Cell Renal Cell Carcinoma (MK-3795-001)",PHASE1,Phase 1,ACTIVE_NOT_RECRUITING,110,"Peloton Therapeutics, Inc., a subsidiary of Merck & Co., Inc. (Rahway, New Jersey USA)",Merck (MSD),649,1,1,multi_experimental,3,mk-3795,bezlutifan;cabozantinib;mk-3795;nivolumab,HIF-2α,Small Molecule,,0,1,0,0,0,0,0
NCT02306954,Study of High Dose Interleukin-2 (IL-2) and Stereotactic Body Radiation (SBRT) in Patients With Metastatic Renal Cancer,PHASE2,Phase 2,ACTIVE_NOT_RECRUITING,84,Providence Health & Services,Providence Health & Services,30,0,0,active_comparator,2,high dose il-2,high dose il-2;sbrt,IL-2,,,0,1,0,0,0,0,0
NCT02568267,"Basket Study of Entrectinib (RXDX-101) for the Treatment of Patients With Solid Tumors Harboring NTRK 1/2/3 (Trk A/B/C), ROS1, or ALK Gene Rearrangements (Fusions)",PHASE2,Phase 2,ACTIVE_NOT_RECRUITING,534,Hoffmann-La Roche,Roche/Genentech,922,1,1,multi_experimental,9,entrectinib,entrectinib,ROS1,Small Molecule,ALK;NTRK;ROS1,0,1,0,0,0,0,0
NCT02811861,Lenvatinib/Everolimus or Lenvatinib/Pembrolizumab Versus Sunitinib Alone as Treatment of Advanced Renal Cell Carcinoma,PHASE3,Phase 3,ACTIVE_NOT_RECRUITING,1069,Eisai Inc.,Eisai,177,1,1,active_comparator,3,sunitinib,everolimus;lenvatinib;pembrolizumab,VEGF/VEGFR,Small Molecule,MET;PD-L1,0,1,0,0,0,0,0
NCT02950766,NeoVax Plus Ipilimumab in Renal Cell Carcinoma,PHASE1,Phase 1,ACTIVE_NOT_RECRUITING,19,"Patrick Ott, MD, PhD","Patrick Ott, MD, PhD",1,0,1,multi_experimental,2,neovax,ipilimumab;neovax,CTLA-4,Monoclonal Antibody,PD-L1,1,1,1,0,0,0,1
NCT02974738,"A Trial of Belzutifan (PT2977, MK-6482) Tablets In Patients With Advanced Solid Tumors (MK-6482-001)",PHASE1,Phase 1,ACTIVE_NOT_RECRUITING,120,"Peloton Therapeutics, Inc., a subsidiary of Merck & Co., Inc. (Rahway, New Jersey USA)",Merck (MSD),649,1,1,multi_experimental,4,belzutifan,belzutifan,HIF-2α,Small Molecule,HIF-2α;VHL,0,1,0,0,0,1,0
NCT03091192,Savolitinib vs. Sunitinib in MET-driven PRCC.,PHASE3,Phase 3,ACTIVE_NOT_RECRUITING,60,AstraZeneca,AstraZeneca,780,1,1,active_comparator,2,sunitinib,savolitinib,MET,Small Molecule,EGFR;MET,0,1,0,0,1,1,0
NCT03170960,Study of Cabozantinib Alone or in Combination With Atezolizumab to Subjects With Locally Advanced or Metastatic Solid Tumors,PHASE1,Phase 1,ACTIVE_NOT_RECRUITING,914,Exelixis,Exelixis,52,1,0,multi_experimental,25,,atezolizumab;cabozantinib,MET,Small Molecule,PD-L1,0,1,1,0,0,0,1
NCT03175224,APL-101 Study of Subjects With NSCLC With c-Met EXON 14 Skip Mutations and c-Met Dysregulation Advanced Solid Tumors,PHASE2,Phase 2,RECRUITING,497,Apollomics Inc.,Apollomics,4,1,0,multi_experimental,9,apl-101 oral capsules,apl-101 oral capsules,MET,Small Molecule,ALK;BRAF;KRAS;MET;NTRK;PR;RET;ROS1;c-MET Dysregulation,0,1,0,0,1,1,0
NCT03203473,Study of Optimized Management of Nivolumab Based on Response in Patients With Advanced RCC (OMNIVORE Study),PHASE2,Phase 2,ACTIVE_NOT_RECRUITING,85,"Toni Choueiri, MD","Toni Choueiri, MD",1,0,1,multi_experimental,3,nivolumab,ipilimumab;nivolumab,CTLA-4,Monoclonal Antibody,PD-L1,1,1,0,0,1,0,0
NCT03212404,Phase 1 Study of CK-301 (Cosibelimab) as a Single Agent in Subjects With Advanced Cancers,PHASE1,Phase 1,ACTIVE_NOT_RECRUITING,272,"Checkpoint Therapeutics, Inc.",Checkpoint Therapeutics,3,1,0,single_arm,1,ck-301 (cosibelimab),ck-301 (cosibelimab),PD-L1,Monoclonal Antibody,MMR;MSI;MSI-H;PD-L1;dMMR,1,1,1,0,0,0,1
NCT03228667,QUILT-3.055: A Study of Combination Immunotherapies in Patients Who Have Previously Received Treatment With Immune Checkpoint Inhibitors,PHASE2,Phase 2,ACTIVE_NOT_RECRUITING,40,"ImmunityBio, Inc.",ImmunityBio,63,1,0,multi_experimental,6,,n-803 + atezolizumab;n-803 + atezolizumab + pd-l1 t-hank;n-803 + avelumab;n-803 + avelumab + pd-l1 t-hank;n-803 + docetaxel + nivolumab;n-803 + docetaxel + pembrolizumab;n-803 + durvalumab;n-803 + durvalumab + pd-l1 t-hank;n-803 + nivolumab;n-803 + nivolumab + pd-l1 t-hank;n-803 + pembrolizumab;n-803 + pembrolizumab + pd-l1 t-hank,PD-1,Monoclonal Antibody,ALK;BRAF;HER2;KRAS;MET;NTRK;PD-L1;PR;RET;ROS1,1,1,1,0,0,0,1
NCT03288532,Renal Adjuvant MultiPle Arm Randomised Trial,PHASE3,Phase 3,RECRUITING,1750,"University College, London","University College, London",51,0,1,multi_experimental,3,durvalumab,durvalumab;tremelimumab,PD-L1,Monoclonal Antibody,EGFR,1,1,0,0,0,0,0
NCT03308396,Study of Durvalumab and Guadecitabine in Advanced Kidney Cancer,PHASE1;PHASE2,Phase 2,ACTIVE_NOT_RECRUITING,57,"Ajjai Alva, MD","Ajjai Alva, MD",2,0,1,single_arm,1,durvalumab;guadecitabine,durvalumab;guadecitabine,PD-L1,Monoclonal Antibody,EGFR;MET;PD-L1,1,1,1,0,0,0,1
NCT03355976,BrUOG 354 Nivolumab +/- Ipilimumab for Ovarian and Extra-renal Clear Cell Carcinomas,PHASE2,Phase 2,ACTIVE_NOT_RECRUITING,46,Brown University,Brown University,22,0,1,multi_experimental,4,nivolumab,ipilimumab;nivolumab,PD-1,Monoclonal Antibody,CD30;PD-L1,1,1,1,0,0,0,1
NCT03401788,"A Phase 2 Study of Belzutifan (PT2977, MK-6482) for the Treatment of Von Hippel Lindau (VHL) Disease-Associated Renal Cell Carcinoma (RCC) (MK-6482-004)",PHASE2,Phase 2,ACTIVE_NOT_RECRUITING,50,"Peloton Therapeutics, Inc., a subsidiary of Merck & Co., Inc. (Rahway, New Jersey USA)",Merck (MSD),649,1,1,single_arm,1,belzutifan,belzutifan,HIF-2α,Small Molecule,HIF-2α;VHL,0,1,0,0,0,0,0
NCT03474497,"UCDCC#272: IL-2, Radiotherapy, and Pembrolizumab in Patients Refractory to Checkpoint Blockade",PHASE1;PHASE2,Phase 2,ACTIVE_NOT_RECRUITING,18,"Megan Daly, MD","Megan Daly, MD",5,0,1,single_arm,1,il-2;pembrolizumab;radiotherapy,il-2;pembrolizumab;radiotherapy,CD19,Cell Therapy,CD19;PD-L1,1,1,1,0,0,1,1
NCT03501381,High Dose IL 2 and Entinostat in RCC,PHASE2,Phase 2,ACTIVE_NOT_RECRUITING,46,Roberto Pili,Roberto Pili,3,0,0,active_comparator,2,interleukin-2,entinostat;interleukin-2,IL-2R,Recombinant Protein,CD25,0,1,0,0,0,0,0
NCT03541902,Cabozantinib or Sunitinib Malate in Treating Participants With Metastatic Variant Histology Renal Cell Carcinoma,PHASE2,Phase 2,ACTIVE_NOT_RECRUITING,32,M.D. Anderson Cancer Center,M.D. Anderson Cancer Center,697,0,0,multi_experimental,2,,cabozantinib;sunitinib malate,MET,Small Molecule,PD-L1,0,1,0,0,1,0,0
NCT03589339,NBTXR3 Activated by Radiotherapy for Patients With Advanced Cancers Treated With An Anti-PD-1 Therapy,PHASE1,Phase 1,ACTIVE_NOT_RECRUITING,145,Nanobiotix,Nanobiotix,6,1,0,single_arm,1,nbtxr3;nivolumab;pembrolizumab;sabr,nbtxr3;nivolumab;pembrolizumab;sabr,PD-1,Radiopharmaceutical,,0,1,0,0,0,0,0
NCT03592472,A Study of Pazopanib With or Without Abexinostat in Patients With Locally Advanced or Metastatic Renal Cell Carcinoma (RENAVIV),PHASE3,Phase 3,RECRUITING,413,"Xynomic Pharmaceuticals, Inc.",Xynomic Pharmaceuticals,6,1,0,placebo_comparator,2,pazopanib,abexinostat;pazopanib,VEGF/VEGFR,Small Molecule,,0,1,0,0,0,0,0
NCT03634540,"A Trial of Belzutifan (PT2977, MK-6482) in Combination With Cabozantinib in Patients With Clear Cell Renal Cell Carcinoma (ccRCC) (MK-6482-003)",PHASE2,Phase 2,ACTIVE_NOT_RECRUITING,118,"Peloton Therapeutics, Inc., a subsidiary of Merck & Co., Inc. (Rahway, New Jersey USA)",Merck (MSD),649,1,1,multi_experimental,2,belzutifan;cabozantinib,belzutifan;cabozantinib,MET,Small Molecule,PD-L1,0,1,0,0,0,0,0
NCT03647163,Ph I/II Trial of Systemic VSV-IFNβ-NIS in Combination With Checkpoint Inhibitor Therapy in Patients With Select Solid Tumors,PHASE1;PHASE2,Phase 2,ACTIVE_NOT_RECRUITING,33,"Vyriad, Inc.",Vyriad,5,1,0,multi_experimental,6,vsv-ifnβ-nis,ipilimumab + nivolumab;pembrolizumab;vsv-ifnβ-nis,PD-1,Monoclonal Antibody,ALK;EGFR;PD-L1,1,1,1,0,1,1,1
NCT03678883,9-ING-41 in Patients With Advanced Cancers,PHASE2,Phase 2,ACTIVE_NOT_RECRUITING,350,Actuate Therapeutics Inc.,Actuate Therapeutics,4,1,0,multi_experimental,8,9-ing-41,9-ing-41;carboplatin.;doxorubicin.;gemcitabine - 21 day cycle;gemcitabine - 28 day cycle;irinotecan;lomustine;nab paclitaxel.;paclitaxel.,GSK3B,Small Molecule,HER2,0,1,0,0,1,1,0
NCT03682289,Ceralasertib (AZD6738) Alone and in Combination With Olaparib or Durvalumab in Patients With Solid Tumors,PHASE2,Phase 2,ACTIVE_NOT_RECRUITING,83,Rahul Aggarwal,Rahul Aggarwal,7,0,1,multi_experimental,3,ceralasertib,ceralasertib;durvalumab;olaparib,ATM,Small Molecule,BRCA1;BRCA2;HRR;MET;MMR;MSI,0,1,0,0,0,1,0
NCT03786796,Study of Olaparib in Metastatic Renal Cell Carcinoma Patients With DNA Repair Gene Mutations,PHASE2,Phase 2,RECRUITING,20,Sidney Kimmel Comprehensive Cancer Center at Johns Hopkins,Sidney Kimmel Comprehensive Cancer Center at Johns Hopkins,160,0,1,single_arm,1,olaparib,olaparib,PARP,Small Molecule,BRCA1;BRCA2,0,1,0,0,0,0,0
NCT03845166,A Study of XL092 as Single-Agent and Combination Therapy in Subjects With Solid Tumors,PHASE1,Phase 1,ACTIVE_NOT_RECRUITING,325,Exelixis,Exelixis,52,1,0,multi_experimental,5,xl092,atezolizumab;avelumab;xl092,PD-L1,Small Molecule,BRAF;ER;KRAS;MMR;MSI;MSI-H;PD-L1;PR;biomarker;dMMR,0,1,1,1,0,1,1
NCT03872947,A Study of TRK-950 in Combinations With Anti-Cancer Treatment Regimens in Patients With Advanced Solid Tumors,PHASE1,Phase 1,ACTIVE_NOT_RECRUITING,138,"Toray Industries, Inc",Toray Industries,4,1,0,multi_experimental,15,trk-950,bevacizumab;carboplatin;cisplatin;fluorouracil;gemcitabine;imiquimod cream;irinotecan;leucovorin;nivolumab;paclitaxel;pembrolizumab;pld;ramucirumab;trk-950,PD-1,Monoclonal Antibody,CAPRIN-1;PR,1,1,0,0,0,1,0
NCT03873402,A Study of Nivolumab Combined With Ipilimumab Versus Nivolumab Alone in Participants With Advanced Kidney Cancer,PHASE3,Phase 3,ACTIVE_NOT_RECRUITING,437,Bristol-Myers Squibb,Bristol Myers Squibb,764,1,1,multi_experimental,2,,ipilimumab;ipilimumab placebo;nivolumab,PD-1,Monoclonal Antibody,CD30;PD-L1,1,1,1,1,0,0,1
NCT03937219,Study of Cabozantinib in Combination With Nivolumab and Ipilimumab in Patients With Previously Untreated Advanced or Metastatic Renal Cell Carcinoma,PHASE3,Phase 3,ACTIVE_NOT_RECRUITING,855,Exelixis,Exelixis,52,1,0,active_comparator,2,cabozantinib-matched placebo;ipilimumab;nivolumab,cabozantinib;ipilimumab;nivolumab,MET,Small Molecule,PD-L1,0,1,0,0,0,0,0
NCT03972657,A Trial to Find Out if REGN5678 (Nezastomig) is Safe and How Well it Works Alone or in Combination With Cemiplimab for Adult Participants With Metastatic Castration-Resistant Prostate Cancer and Other Tumors,PHASE1;PHASE2,Phase 2,RECRUITING,345,Regeneron Pharmaceuticals,Regeneron,95,1,1,multi_experimental,4,regn5678,cemiplimab;regn5678,PSMA,Bispecific Antibody,PD-L1;PSMA,1,1,1,0,0,0,1
NCT03983954,"Naptumomab Estafenatox in Combination With Durvalumab in Subjects With Selected Advanced or Metastatic Solid Tumor, Including a Cohort Expansion in Esophageal Cancer.",PHASE1,Phase 1,ACTIVE_NOT_RECRUITING,120,NeoTX Therapeutics Ltd.,NeoTX Therapeutics,2,1,1,multi_experimental,11,naptumomab estafenatox and durvalumab,naptumomab estafenatox and durvalumab;obinutuzumab,5T4,Monoclonal Antibody,CD20;ER;HER2;PD-L1;biomarker;biomarker analysis,1,1,1,0,1,0,1
NCT04022343,Neoadjuvant Cabozantinib in Treating Patients With Locally Advanced Kidney Cancer,PHASE2,Phase 2,ACTIVE_NOT_RECRUITING,22,Emory University,Emory University,116,0,0,single_arm,1,cabozantinib,cabozantinib,MET,Small Molecule,PD-L1,0,1,0,0,0,0,0
NCT04074967,Study of ARRY-614 Plus Either Nivolumab or Nivolumab+Ipilimumab,PHASE1;PHASE2,Phase 2,ACTIVE_NOT_RECRUITING,70,Dan Zandberg,Dan Zandberg,6,0,0,multi_experimental,5,,phase ib arry-614 + nivolumab;phase ib arry-614 + nivolumab+ipilimumab;phase ii arry-614 + nivolumab;phase ii arry-614 + nivolumab+ipilimumab (melanoma);phase ii arry-614 + nivolumab+ipilimumab (rcc),CTLA-4,Monoclonal Antibody,PD-L1,1,1,0,0,0,0,0
NCT04140526,"Safety, PK and Efficacy of ONC-392 in Monotherapy and in Combination of Anti-PD-1 in Advanced Solid Tumors and NSCLC",PHASE1;PHASE2,Phase 2,ACTIVE_NOT_RECRUITING,733,"OncoC4, Inc.",OncoC4,10,1,0,multi_experimental,3,onc-392,docetaxel;onc-392;pembrolizumab,PD-1,Monoclonal Antibody,PD-L1,1,1,0,0,0,0,0
NCT04195750,A Study of Belzutifan (MK-6482) Versus Everolimus in Participants With Advanced Renal Cell Carcinoma (MK-6482-005),PHASE3,Phase 3,ACTIVE_NOT_RECRUITING,755,Merck Sharp & Dohme LLC,Merck (MSD),649,1,1,active_comparator,3,everolimus,belzutifan,HIF-2α,Small Molecule,HIF-2α;VHL,0,1,0,0,0,1,0
NCT04198766,Study of INBRX-106 and INBRX-106 in Combination With Pembrolizumab (Keytruda®) in Subjects With Locally Advanced or Metastatic Solid Tumors (Hexavalent OX40 Agonist),PHASE1;PHASE2,Phase 2,RECRUITING,340,"Inhibrx Biosciences, Inc",Inhibrx Biosciences,4,1,1,active_comparator,15,inbrx-106 - hexavalent ox40 agonist antibody,carboplatin auc-5;carboplatin auc-6;cisplatin;gemcitabine (;inbrx-106 - hexavalent ox40 agonist antibody;nab-paclitaxel;paclitaxel;pembrolizumab;pemetrexed,OX40,Monoclonal Antibody,ALK;EGFR;MSI;MSI-H;PD-L1;TMB,1,1,1,0,1,1,1
NCT04322955,CYTO Reductive Surgery in Kidney Cancer Plus Immunotherapy and Targeted Kinase Inhibition,PHASE2,Phase 2,ACTIVE_NOT_RECRUITING,38,Mark Stein,Mark Stein,3,0,1,single_arm,1,cabozantinib;cytoreductive nephrectomy;nivolumab,cabozantinib;cytoreductive nephrectomy;nivolumab,MET,Small Molecule,PD-L1,0,1,1,0,0,0,1
NCT04393350,Perioperative Lenvatinib With Pembrolizumab in Patients With Locally Advanced Nonmetastatic Clear Cell Renal Cell Carcinoma,PHASE2,Phase 2,ACTIVE_NOT_RECRUITING,18,Emory University,Emory University,116,0,1,single_arm,1,lenvatinib;lenvatinib mesylate;pembrolizumab;quality-of-life assessment;questionnaire administration,lenvatinib;lenvatinib mesylate;pembrolizumab;quality-of-life assessment;questionnaire administration,VEGF/VEGFR,Small Molecule,MET;PD-L1,0,1,1,0,0,0,1
NCT04413123,Cabozantinib In Combo With NIVO + IPI In Advanced NCCRCC,PHASE2,Phase 2,ACTIVE_NOT_RECRUITING,60,"Bradley A. McGregor, MD","Bradley A. McGregor, MD",3,0,1,single_arm,1,cabozantinib;ipilimumab;nivolumab,cabozantinib;ipilimumab;nivolumab,MET,Small Molecule,PD-L1,0,1,1,1,0,0,1
NCT04489771,A Study of Belzutifan (MK-6482) in Participants With Advanced Renal Cell Carcinoma (MK-6482-013),PHASE2,Phase 2,ACTIVE_NOT_RECRUITING,154,Merck Sharp & Dohme LLC,Merck (MSD),649,1,1,multi_experimental,2,belzutifan,belzutifan,HIF-2α,Small Molecule,HIF-2α;VHL,0,1,0,0,0,0,0
NCT04522323,A Study to Evaluate MEDI5752 and Axitinib in Subjects With Advanced Renal Cell Carcinoma,PHASE1,Phase 1,ACTIVE_NOT_RECRUITING,67,MedImmune LLC,AstraZeneca,780,1,0,multi_experimental,2,axitinib;lenvatinib;medi5752,axitinib;lenvatinib;medi5752,PD-1/CTLA-4,Bispecific Antibody,PD-L1;ctDNA,1,1,1,0,0,1,1
NCT04523272,A Study of TQB2450 Injection Combined With Anlotinib Hydrochloride Capsule Versus Sunitinib in Subjects With Advanced Renal Cancer,PHASE3,Phase 3,ACTIVE_NOT_RECRUITING,528,"Chia Tai Tianqing Pharmaceutical Group Co., Ltd.",Chia Tai Tianqing Pharmaceutical,213,1,0,active_comparator,2,sunitinib,anlotinib;tqb2450,PD-1,Monoclonal Antibody,PD-L1;biomarker,1,1,1,0,0,0,1
NCT04586231,A Study of Belzutifan (MK-6482) in Combination With Lenvatinib Versus Cabozantinib for Treatment of Renal Cell Carcinoma (MK-6482-011),PHASE3,Phase 3,ACTIVE_NOT_RECRUITING,747,Merck Sharp & Dohme LLC,Merck (MSD),649,1,1,active_comparator,2,cabozantinib,belzutifan;lenvatinib,VEGF/VEGFR,Small Molecule,PD-L1,0,1,0,0,0,1,0
NCT04620239,ENdoluminal LIGHT ActivatED Treatment of Upper Tract Urothelial Cancer (ENLIGHTED) Study,PHASE3,Phase 3,ACTIVE_NOT_RECRUITING,89,Steba Biotech S.A.,Steba Biotech,2,0,0,single_arm,1,padeliporfin vtp,padeliporfin vtp,,,,0,1,0,0,0,0,0
NCT04626479,Substudy 03A: A Study of Immune and Targeted Combination Therapies in Participants With First Line (1L) Renal Cell Carcinoma (MK-3475-03A),PHASE1;PHASE2,Phase 2,ACTIVE_NOT_RECRUITING,400,Merck Sharp & Dohme LLC,Merck (MSD),649,1,1,multi_experimental,5,,belzutifan;favezelimab/pembrolizumab;lenvatinib;pembrolizumab;pembrolizumab/quavonlimab;vibostolimab/pembrolizumab,PD-1,Monoclonal Antibody,PD-L1,1,1,0,0,0,0,0
NCT04626518,Substudy 03B: A Study of Immune and Targeted Combination Therapies in Participants With Second Line Plus (2L+) Renal Cell Carcinoma (MK-3475-03B/KEYMAKER-U03),PHASE1;PHASE2,Phase 2,ACTIVE_NOT_RECRUITING,370,Merck Sharp & Dohme LLC,Merck (MSD),649,1,1,multi_experimental,6,,belzutifan;favezelimab/pembrolizumab;lenvatinib;mk-4830;pembrolizumab;pembrolizumab/quavonlimab,PD-1,Monoclonal Antibody,PD-L1,1,1,0,0,0,0,0
NCT04696731,Safety and Efficacy of ALLO-316 in Subjects With Advanced or Metastatic Clear Cell Renal Cell Carcinoma,PHASE1,Phase 1,ACTIVE_NOT_RECRUITING,120,Allogene Therapeutics,Allogene Therapeutics,7,1,0,single_arm,1,allo-316;allo-647;cyclophosphamide;fludarabine,allo-316;allo-647;cyclophosphamide;fludarabine,CD70,CAR-T,CD70,1,1,0,0,0,0,0
NCT04707248,A Study of DS-6000a in Subjects With Advanced Renal Cell Carcinoma and Ovarian Tumors,PHASE1,Phase 1,ACTIVE_NOT_RECRUITING,179,Daiichi Sankyo,Daiichi Sankyo,178,1,1,multi_experimental,3,ds-6000a,ds-6000a,CDH6,ADC,CDH6,1,1,0,0,0,0,0
NCT04736706,"A Study of Pembrolizumab (MK-3475) in Combination With Belzutifan (MK-6482) and Lenvatinib (MK-7902), or Pembrolizumab/Quavonlimab (MK-1308A) in Combination With Lenvatinib, Versus Pembrolizumab and Lenvatinib, for Treatment of Advanced Clear Cell Renal Cell Carcinoma (MK-6482-012)",PHASE3,Phase 3,ACTIVE_NOT_RECRUITING,1854,Merck Sharp & Dohme LLC,Merck (MSD),649,1,1,active_comparator,3,lenvatinib;pembrolizumab,belzutifan;lenvatinib;pembrolizumab;pembrolizumab/quavonlimab,PD-1,Monoclonal Antibody,PD-L1,1,1,0,0,0,0,0
NCT04787042,"Phase 1a and Phase 2 Study for Safety, Preliminary Efficacy, PK and PD of ST-067",PHASE1;PHASE2,Phase 2,RECRUITING,316,"Simcha IL-18, Inc.",Simcha IL-18,1,1,1,multi_experimental,4,st-067,obinutuzumab;pembrolizumab;st-067,PD-1,Recombinant Protein,ALK;HER2;MMR;MSI;MSI-H;PD-L1;TMB,0,1,1,0,0,1,1
NCT04802876,Efficacy of Tislelizumab and Spartalizumab Across Multiple Cancer-types in Patients with PD1-high MRNA Expressing Tumors,PHASE2,Phase 2,ACTIVE_NOT_RECRUITING,184,SOLTI Breast Cancer Research Group,SOLTI Breast Cancer Research Group,18,0,1,multi_experimental,3,,spartalizumab;tislelizumab,PD-1,Monoclonal Antibody,BRAF,1,1,1,0,0,0,1
NCT04810078,A Study of Subcutaneous Nivolumab Versus Intravenous Nivolumab in Participants With Previously Treated Clear Cell Renal Cell Carcinoma That is Advanced or Has Spread,PHASE3,Phase 3,ACTIVE_NOT_RECRUITING,681,Bristol-Myers Squibb,Bristol Myers Squibb,764,1,1,active_comparator,4,nivolumab,nivolumab and rhuph20,PD-1,Monoclonal Antibody,PD-L1,1,1,1,1,0,0,1
NCT04895709,A Study of BMS-986340 as Monotherapy and as Combination Therapy in Participants With Advanced Solid Tumors,PHASE1;PHASE2,Phase 2,RECRUITING,1109,Bristol-Myers Squibb,Bristol Myers Squibb,764,1,1,multi_experimental,9,bms-986340,bms-936558-01;bms-986340;docetaxel;pumitamig,PD-1,Monoclonal Antibody,PD-L1;biomarker;biomarker analysis,1,1,0,0,0,1,0
NCT04969315,TT-4 and TT-10 as Single Agents and in Combination in Subjects With Advanced Selected Solid Tumors and Pleural Mesothelioma,PHASE1;PHASE2,Phase 2,RECRUITING,35,Portage Biotech,Portage Biotech,1,1,0,multi_experimental,3,,tt-10;tt-4,ADORA2A,Small Molecule,MET,0,1,0,0,0,0,0
NCT04977453,GI-101/GI-101A as a Single Agent or in Combination With Pembrolizumab or Lenvatinib in Advanced Solid Tumors,PHASE1;PHASE2,Phase 2,RECRUITING,317,"GI Innovation, Inc.",GI Innovation,4,1,1,multi_experimental,5,,gi-101;gi-101a;lenvatinib;pembrolizumab (keytruda),PD-1,Bispecific Antibody,,1,1,0,0,0,0,0
NCT05024214,Phase Ib/II Trial of Envafolimab Plus Lenvatinib for Subjects With Solid Tumors,PHASE1;PHASE2,Phase 2,RECRUITING,170,"3D Medicines (Sichuan) Co., Ltd.",3D Medicines (Sichuan),10,1,0,multi_experimental,6,,lenvatinib + envafolimab;sunitinib,VEGF/VEGFR,Small Molecule,PD-L1,0,1,0,0,0,1,0
NCT05030506,A Study of Belzutifan (MK-6482) as Monotherapy and in Combination With Lenvatinib (E7080/MK-7902) With or Without Pembrolizumab (MK-3475) in China Participants With Advanced Renal Cell Carcinoma (MK-6482-010),PHASE1,Phase 1,ACTIVE_NOT_RECRUITING,45,Merck Sharp & Dohme LLC,Merck (MSD),649,1,1,multi_experimental,2,belzutifan;lenvatinib,belzutifan;lenvatinib;pembrolizumab,PD-1,Monoclonal Antibody,PD-L1,1,1,0,0,0,0,0
NCT05043090,"Savolitinib Plus Durvalumab Versus Sunitinib and Durvalumab Monotherapy in MET-Driven, Unresectable and Locally Advanced or Metastatic PRCC",PHASE3,Phase 3,ACTIVE_NOT_RECRUITING,148,AstraZeneca,AstraZeneca,780,1,1,active_comparator,3,sunitinib,durvalumab;savolitinib,MET,Small Molecule,EGFR;MET,0,1,0,0,0,0,0
NCT05048212,A Phase II Study of Nivolumab With Ipilimumab and Cabozantinib in Patients With Untreated Renal Cell Carcinoma Brain Metastases,PHASE2,Phase 2,RECRUITING,20,M.D. Anderson Cancer Center,M.D. Anderson Cancer Center,697,0,1,multi_experimental,3,cabozantinib;ipilimumab;nivolumab,cabozantinib;ipilimumab;nivolumab,PD-1,Monoclonal Antibody,CD30;MET,1,1,0,0,1,0,0
NCT05086692,A Beta-only IL-2 ImmunoTherapY Study,PHASE1;PHASE2,Phase 2,RECRUITING,115,"Medicenna Therapeutics, Inc.",Medicenna Therapeutics,2,1,1,single_arm,1,mdna11;pembrolizumab (keytruda),mdna11;pembrolizumab (keytruda),IL-2,Cell Therapy,MSI-H,1,1,0,0,0,1,0
NCT05128487,A Study of NDI 1150-101 in Patients With Solid Tumors,PHASE1;PHASE2,Phase 2,ACTIVE_NOT_RECRUITING,106,"Nimbus Saturn, Inc.",Nimbus Saturn,1,1,0,multi_experimental,2,ndi-101150,ndi-101150;pembrolizumab,PD-1,Small Molecule,PD-L1;PSLP76,0,1,1,0,0,1,1
NCT05148546,Neoadjuvant Study With Combination Immuno-oncology for Primary Clear Cell Renal Cell Cancer,PHASE2,Phase 2,ACTIVE_NOT_RECRUITING,69,The Netherlands Cancer Institute,The Netherlands Cancer Institute,72,0,1,multi_experimental,3,neoadjuvant nivolumab,neoadjuvant ipilimumab;neoadjuvant nivolumab;neoadjuvant relatlimab,PD-1,Monoclonal Antibody,PD-L1,1,1,1,0,0,0,1
NCT05176483,Study of Zanzalintinib in Combination With Immuno-Oncology or Other Agents in Participants With Solid Tumors,PHASE1,Phase 1,RECRUITING,1394,Exelixis,Exelixis,52,1,0,multi_experimental,9,zanzalintinib,ddi probe cocktail;docetaxel;ipilimumab;nivolumab;nivolumab + relatlimab;zanzalintinib,EGFR,Small Molecule,PD-L1;biomarker,0,1,1,1,1,1,1
NCT05199272,A Phase 1/2a Study of 23ME-00610 in Patients With Advanced Solid Malignancies,PHASE1;PHASE2,Phase 2,ACTIVE_NOT_RECRUITING,141,"23andMe, Inc.",23andMe,2,1,0,multi_experimental,2,23me-00610,23me-00610,CD200R1,Monoclonal Antibody,CDX;MSI;MSI-H;TMB;TMB-H,1,1,0,0,0,0,0
NCT05215470,CLARA: Somatic and Germline Mechanisms That Impact Renal Cancer Immunotherapy,PHASE2,Phase 2,ACTIVE_NOT_RECRUITING,100,Hospital das Clínicas de Ribeirão Preto,Hospital das Clínicas de Ribeirão Preto,1,0,1,single_arm,1,ipilimumab;nivolumab,ipilimumab;nivolumab,PD-1,Monoclonal Antibody,CD30,1,1,0,0,1,0,0
NCT05215574,Study of NGM831 as Monotherapy and in Combination With Pembrolizumab or Pembrolizumab and NGM438 in Advanced or Metastatic Solid Tumors,PHASE1,Phase 1,ACTIVE_NOT_RECRUITING,130,"NGM Biopharmaceuticals, Inc",NGM Biopharmaceuticals,6,1,1,multi_experimental,3,,ngm831;ngm831 and ngm438 plus pembrolizumab (keytruda);ngm831 plus pembrolizumab (keytruda),ILT3,Monoclonal Antibody,,1,1,0,0,0,0,0
NCT05238883,A Study of HFB200301 as a Single Agent and in Combination With Tislelizumab in Adult Patients With Advanced Solid Tumors,PHASE1,Phase 1,ACTIVE_NOT_RECRUITING,72,HiFiBiO Therapeutics,HiFiBiO Therapeutics,3,1,0,multi_experimental,4,hfb200301,hfb200301;tislelizumab,TNFR2,Monoclonal Antibody,BRAF,1,1,0,0,0,0,0
NCT05239143,P-MUC1C-ALLO1 Allogeneic CAR-T Cells in the Treatment of Subjects With Advanced or Metastatic Solid Tumors,PHASE1,Phase 1,ACTIVE_NOT_RECRUITING,180,"Poseida Therapeutics, Inc.",Poseida Therapeutics,6,1,0,multi_experimental,8,p-muc1c-allo1 car-t cells;rimiducid,p-muc1c-allo1 car-t cells;rimiducid,MUC1,CAR-T,MUC1,1,1,0,0,0,0,0
NCT05239728,A Study of Belzutifan (MK-6482) Plus Pembrolizumab (MK-3475) Versus Placebo Plus Pembrolizumab in Participants With Clear Cell Renal Cell Carcinoma Post Nephrectomy (MK-6482-022),PHASE3,Phase 3,ACTIVE_NOT_RECRUITING,1800,Merck Sharp & Dohme LLC,Merck (MSD),649,1,1,multi_experimental,2,pembrolizumab,belzutifan;pembrolizumab,PD-1,Monoclonal Antibody,PD-L1,1,1,0,1,0,0,1
NCT05263050,Trial of an Alternative Cabozantinib Dosing Schedule in Metastatic Renal Cell Carcinoma and Neuroendocrine Tumors,PHASE2,Phase 2,RECRUITING,111,Fox Chase Cancer Center,Fox Chase Cancer Center,34,0,0,multi_experimental,2,cabozantinib,cabozantinib;nivolumab,MET,Small Molecule,PD-L1,0,1,0,1,1,0,1
NCT05287945,Study of Orellanine in Metastatic Clear-Cell or Papillary Renal Cell Carcinoma,PHASE1;PHASE2,Phase 2,RECRUITING,75,Oncorena AB,Oncorena,1,1,0,multi_experimental,2,orellanine,orellanine,,,,0,1,0,0,0,0,0
NCT05329532,"Modi-1 Moditope in Breast, Head and Neck, Ovarian, or Renal Cancer",PHASE1;PHASE2,Phase 2,RECRUITING,168,Scancell Ltd,Scancell,4,1,0,multi_experimental,3,device: micronjet600 microneedle device (nanopass);modi-1 moditope,device: micronjet600 microneedle device (nanopass);modi-1 moditope;pembrolizumab,PD-1,Peptide,PD-L1,0,1,1,0,1,0,1
NCT05363280,"Phase 2 Study for the Patient, Who Has Diagnosed With Small Cell Lung Cancer (SCLC) or Non Small Cell Lung Cancer (NSCLC) or Renal Cell Carcinoma (RCC) and Finished the First Line Stand Treatment , Need More Treatment",PHASE2,Phase 2,RECRUITING,80,"Advenchen Pharmaceuticals, LLC.",Advenchen Pharmaceuticals,3,1,0,multi_experimental,5,al8326,al8326,VEGF/VEGFR,Small Molecule,,0,1,0,0,0,0,0
NCT05407441,Tazemetostat+Nivo/Ipi in INI1-Neg/SMARCA4-Def Tumors,PHASE1;PHASE2,Phase 2,ACTIVE_NOT_RECRUITING,49,"Susan Chi, MD","Susan Chi, MD",1,0,1,multi_experimental,8,ipilimumab;nivolumab;tazemetostat,ipilimumab;nivolumab;tazemetostat,PD-1,Monoclonal Antibody,CD30;PD-L1,1,1,1,0,0,1,1
NCT05433142,Study of XmAb®819 in Subjects With Advanced Clear Cell Renal Cell Carcinoma,PHASE1,Phase 1,RECRUITING,307,"Xencor, Inc.",Xencor,19,1,0,single_arm,1,xmab819,xmab819,VEGF/VEGFR,Monoclonal Antibody,,1,1,0,0,0,1,0
NCT05468697,A Study of Belzutifan (MK-6482) in Combination With Palbociclib Versus Belzutifan Monotherapy in Participants With Advanced Renal Cell Carcinoma (MK-6482-024/LITESPARK-024),PHASE1;PHASE2,Phase 2,ACTIVE_NOT_RECRUITING,60,Merck Sharp & Dohme LLC,Merck (MSD),649,1,1,multi_experimental,3,belzutifan;palbociclib,belzutifan;palbociclib,CDK4/6,Small Molecule,ER;HER2;PR,0,1,0,0,0,0,0
NCT05518253,A Clinical Study of CD70-targeted CAR-T in the Treatment of CD70-positive Advanced/Metastatic Solid Tumors,PHASE1,Phase 1,RECRUITING,30,"Weijia Fang, MD","Weijia Fang, MD",3,0,0,multi_experimental,2,cd70 car-t cells,cd70 car-t cells,CD70,CAR-T,CD70,1,1,0,0,0,0,0
NCT05522231,Efficacy and Safety of Fruquintinib in Combination With Sintilimab in Advanced Renal Cell Carcinoma (FRUSICA-2),PHASE2;PHASE3,Phase 3,ACTIVE_NOT_RECRUITING,265,Hutchmed,HUTCHMED,35,1,0,active_comparator,3,axitinib / everolimus,fruquintinib+sintilimab,VEGF/VEGFR,Small Molecule,PD-L1,0,1,1,0,1,0,1
NCT05536141,A Phase 1 Study of AB521 Monotherapy and Combination Therapies in Renal Cell Carcinoma and Other Solid Tumors,PHASE1,Phase 1,RECRUITING,362,"Arcus Biosciences, Inc.",Arcus Biosciences,21,1,0,multi_experimental,15,casdatifan,cabozantinib;casdatifan;ipilimumab;zimberelimab,MET,Small Molecule,PD-L1,0,1,0,0,0,0,0
NCT05544929,A Study of Safety and Efficacy of KFA115 Alone and in Combo With Pembrolizumab in Patients With Select Advanced Cancers,PHASE1,Phase 1,ACTIVE_NOT_RECRUITING,126,Novartis Pharmaceuticals,Novartis,836,1,1,multi_experimental,3,kfa115,kfa115;pembrolizumab,PD-1,,BRAF;MSI;MSI-H;PD-L1,0,1,1,0,0,1,1
NCT05581004,"A Study to Evaluate the Safety, Pharmacokinetics, and Activity of Enzelkitug as a Single Agent and in Combination With Checkpoint Inhibitor in Participants With Locally Advanced or Metastatic Solid Tumors",PHASE1,Phase 1,ACTIVE_NOT_RECRUITING,165,"Genentech, Inc.",Roche/Genentech,922,1,1,multi_experimental,4,enzelkitug,atezolizumab;enzelkitug;pembrolizumab,PD-L1,Monoclonal Antibody,CMMRD;MSI-H;TMB,1,1,0,0,0,0,0
NCT05620134,Study of JK08 in Patients with Unresectable Locally Advanced or Metastatic Cancer,PHASE1;PHASE2,Phase 2,ACTIVE_NOT_RECRUITING,263,Salubris Biotherapeutics Inc,Salubris Biotherapeutics,2,1,0,multi_experimental,4,jk08,jk08;lenvatinib pill;pembrolizumab,CTLA-4,Monoclonal Antibody,ER;HER2;PR;genomic,1,1,0,0,0,1,0
NCT05653882,A Study Evaluating AB248 Alone or in Combination With Pembrolizumab in Adult Patients With Solid Tumors,PHASE1,Phase 1,ACTIVE_NOT_RECRUITING,552,"Asher Biotherapeutics, Inc.",Asher Biotherapeutics,1,1,1,multi_experimental,4,etakafusp alfa (ab248),etakafusp alfa (ab248);pembrolizumab,IL-2,Peptide,EGFR,0,1,0,0,0,0,0
NCT05661955,"A Study to Investigate the Antitumor Activity, Safety, Tolerability, and Pharmacokinetics of BGB-A445 in Combination With Tislelizumab in Participants With Select Advanced Solid Tumors.",PHASE1;PHASE2,Phase 2,ACTIVE_NOT_RECRUITING,113,BeiGene,BeiGene/BeOne,149,1,1,multi_experimental,9,bgb-a445,bgb-a445;tislelizumab,OX40,Monoclonal Antibody,PD-L1,1,1,1,0,0,0,1
NCT05663710,Phase 1b/2 Study of Combination 177Lu Girentuximab Plus Cabozantinib and Nivolumab in Treatment naïve Patients With Advanced Clear Cell RCC,PHASE1;PHASE2,Phase 2,RECRUITING,100,M.D. Anderson Cancer Center,M.D. Anderson Cancer Center,697,0,0,multi_experimental,3,177lu girentuximab;arabinofuranosylguanine [18f]f-arag;cabozantinib;nivolumab,177lu girentuximab;arabinofuranosylguanine [18f]f-arag;cabozantinib;nivolumab,SLC43A2,Radiopharmaceutical,CD147,0,1,0,0,0,0,0
NCT05678673,Study of XL092 + Nivolumab vs Sunitinib in Subjects With Advanced or Metastatic Non-Clear Cell Renal Cell Carcinoma,PHASE3,Phase 3,ACTIVE_NOT_RECRUITING,317,Exelixis,Exelixis,52,1,0,active_comparator,2,sunitinib malate,nivolumab;xl092,PD-1,Small Molecule,,0,1,0,1,0,0,1
NCT05698238,Clinical Study to Evaluate Safety and Dosing of CA9hu-1 in Patients With Advanced Solid Tumours,PHASE1,Phase 1,NOT_YET_RECRUITING,50,"Mabpro, a.s.","Mabpro, a.s.",1,1,0,single_arm,1,ca9hu-1,ca9hu-1,CA9,Monoclonal Antibody,CA9;biomarker,1,1,0,0,0,1,0
NCT05704985,Evaluating Safety and Biomarkers Using DK210 (EGFR) for Locally Advanced or Metastatic EGFR+ Tumors,PHASE1,Phase 1,ACTIVE_NOT_RECRUITING,39,DEKA Biosciences,DEKA Biosciences,1,1,0,multi_experimental,4,dk210 (egfr),dk210 (egfr);immune checkpoint blockers;radiation therapy,EGFR,Small Molecule,EGFR;biomarker,0,1,0,0,0,0,0
NCT05706129,"A Study to Assess Safety, Tolerability and Imaging Characteristics of [68Ga]Ga-DPI-4452 and to Assess Safety, Tolerability, and Efficacy of [177Lu]Lu-DPI-4452 in Participants With Unresectable Locally Advanced or Metastatic Solid Tumors",PHASE1;PHASE2,Phase 2,RECRUITING,270,Lumara Bio Oncologics GmbH,Lumara Bio Oncologics,1,1,0,multi_experimental,5,[68ga]ga-dpi-4452,[177lu]lu-dpi-4452;[68ga]ga-dpi-4452,CA IX,Radiopharmaceutical,CA IX,0,1,0,0,0,0,0
NCT05733715,Neoadjuvant Pembrolizumab and Lenvatinib for Renal Cell Carcinoma,EARLY_PHASE1,Phase 1,RECRUITING,30,Abramson Cancer Center at Penn Medicine,Abramson Cancer Center at Penn Medicine,31,0,1,multi_experimental,2,pembrolizumab infusion,lenvatinib tablet;pembrolizumab infusion,PD-1,Monoclonal Antibody,PD-L1,1,1,1,0,0,0,1
NCT05738694,Neoadjuvant of Axitinib Plus PD-1 to Improve Disease Free Survival of Patients With Renal Cell Carcinoma,PHASE3,Phase 3,RECRUITING,298,ZHOU FANGJIAN,ZHOU FANGJIAN,1,0,1,active_comparator,2,nephrectomy,axitinib plus toripalimab;nephrectomy,VEGF/VEGFR,Small Molecule,,0,1,0,1,0,0,1
NCT05752552,Study to Determine the Safety and Pharmacokinetics of DO-2 in Patients With Advanced or Refractory Solid Tumours,PHASE1,Phase 1,RECRUITING,55,DeuterOncology,DeuterOncology,1,1,0,single_arm,1,do-2,do-2,MET,Small Molecule,MET;genomic,0,1,0,0,0,1,0
NCT05756569,Enfortumab Vedotin Plus Pembrolizumab for the Treatment of Locally Advanced or Metastatic Bladder Cancer of Variant Histology,PHASE2,Phase 2,RECRUITING,25,Emory University,Emory University,116,0,1,single_arm,1,biospecimen collection;computed tomography;enfortumab vedotin;magnetic resonance imaging;pembrolizumab;questionnaire administration,biospecimen collection;computed tomography;enfortumab vedotin;magnetic resonance imaging;pembrolizumab;questionnaire administration,PD-1,Monoclonal Antibody,PD-L1,1,1,1,1,0,0,1
NCT05759923,"First-in-human Phase I Study to Evaluate Safety, Tolerability and Antineoplastic Activity of OATD-02 in Patients With Selected Advanced and/or Metastatic Solid Tumours",PHASE1,Phase 1,RECRUITING,40,Molecure S.A.,Molecure,1,1,0,single_arm,1,oatd-02,oatd-02,ARG1,Small Molecule,,0,1,0,0,0,1,0
NCT05770037,"DETERMINE Trial Treatment Arm 01: Alectinib in Adult, Paediatric and Teenage/Young Adult Patients With ALK Positive Cancers",PHASE2;PHASE3,Phase 3,RECRUITING,30,Cancer Research UK,Cancer Research UK,16,0,1,single_arm,1,alectinib,alectinib,ALK,Small Molecule,ALK;MET,0,1,0,0,0,0,0
NCT05783622,Study of JANX008 in Subjects With Advanced or Metastatic Solid Tumor Malignancies,PHASE1,Phase 1,ACTIVE_NOT_RECRUITING,130,Janux Therapeutics,Janux Therapeutics,4,1,0,multi_experimental,3,janx008,janx008,EGFR,,,0,1,0,0,0,0,0
NCT05789069,A Study of HFB200603 as a Single Agent and in Combination With Tislelizumab in Adult Patients With Advanced Solid Tumors,PHASE1,Phase 1,ACTIVE_NOT_RECRUITING,83,HiFiBiO Therapeutics,HiFiBiO Therapeutics,3,1,0,multi_experimental,4,hfb200603,hfb200603;tislelizumab,BTLA,Monoclonal Antibody,BRAF,1,1,0,0,0,0,0
NCT05805501,A Study of Immune Checkpoint Inhibitor Combinations With Axitinib in Participants With Untreated Locally Advanced Unresectable or Metastatic Renal Cell Carcinoma,PHASE2,Phase 2,ACTIVE_NOT_RECRUITING,199,Hoffmann-La Roche,Roche/Genentech,922,1,1,active_comparator,3,axitinib;pembrolizumab,axitinib;tiragolumab;tobemstomig,TIGIT,Monoclonal Antibody,,1,1,0,1,0,0,1
NCT05817903,Axitinib Intensification Plus Nivolumab or Nivolumab Alone After Nivolumab Plus Ipilimumab in mRCC Patients,PHASE2,Phase 2,RECRUITING,118,Consorzio Oncotech,Consorzio Oncotech,7,0,1,active_comparator,2,nivolumab,axitinib;nivolumab,VEGF/VEGFR,Small Molecule,,0,1,0,0,0,0,0
NCT05824975,"A Study to Evaluate the Safety and Therapeutic Activity of GI-102 As a Single Agent and in Combination with Conventional Anti-cancer Drugs, Pembrolizumab or Trastuzumab Deruxtecan(T-DXd) in Patients with Advanced Solid Tumors (KEYNOTE-G08)",PHASE1;PHASE2,Phase 2,RECRUITING,358,"GI Innovation, Inc.",GI Innovation,4,1,1,multi_experimental,7,,bevacizumab;doxorubicin;eribulin;gi-102;gi-102 subcutaneous (sc);paclitaxel;pembrolizumab;trastuzumab deruxtecan (t-dxd),CD80,Bispecific Antibody,,1,1,0,0,0,0,0
NCT05856981,Phase 1 Study Evaluating the Safety and PK of ADU-1805 in Advanced Solid Tumors,PHASE1,Phase 1,RECRUITING,130,Sairopa B.V.,Sairopa,1,1,0,multi_experimental,3,adu-1805,adu-1805;pembrolizumab,PD-1,Monoclonal Antibody,,1,1,0,0,0,1,0
NCT05858736,"Safety, PK and Efficacy of AI-061 in Advanced Solid Tumors",PHASE1,Phase 1,COMPLETED,18,"OncoC4, Inc.",OncoC4,10,1,0,multi_experimental,3,ai-061,ai-061,PD-1,Bispecific Antibody,PD-L1,1,1,0,0,0,0,0
NCT05868174,Combination of 177Lu-TLX250 and Peposertib in Patients With Carbonic Anhydrase IX -Expressing Solid Tumors,PHASE1,Phase 1,RECRUITING,36,Telix Pharmaceuticals (Innovations) Pty Limited,Telix Pharmaceuticals (Innovations) Pty,19,1,1,single_arm,1,177lu-tlx250 and peposertib;diagnostic test: 89zr-tlx250,177lu-tlx250 and peposertib;diagnostic test: 89zr-tlx250,CAIX,Radiopharmaceutical,CAIX,0,1,0,0,0,0,0
NCT05873686,A Phase 1 Clinical Study of NXP900 in Subjects With Advanced Cancers,PHASE1,Phase 1,RECRUITING,140,"Nuvectis Pharma, Inc.",Nuvectis Pharma,4,1,0,multi_experimental,2,nxp900,nxp900,SRC,Small Molecule,BRAF;EGFR;HER2,0,1,0,0,0,0,0
NCT05891171,Study of AB598 Monotherapy and Combination Therapy in Participants With Advanced Cancers,PHASE1,Phase 1,ACTIVE_NOT_RECRUITING,40,"Arcus Biosciences, Inc.",Arcus Biosciences,21,1,0,multi_experimental,8,ab598,ab598;fluorouracil;leucovorin;oxaliplatin;zimberelimab,CD39,Monoclonal Antibody,HER2,1,1,0,0,0,0,0
NCT05899049,"A Study of Pembrolizumab (MK-3475) in Combination With Belzutifan (MK-6482) and Lenvatinib (MK-7902), or Pembrolizumab/Quavonlimab (MK-1308A) in Combination With Lenvatinib, vs Pembrolizumab and Lenvatinib, for Treatment of Advanced Clear Cell Renal Cell Carcinoma (MK-6482-012)-China Extension Study",PHASE3,Phase 3,ACTIVE_NOT_RECRUITING,251,Merck Sharp & Dohme LLC,Merck (MSD),649,1,1,active_comparator,3,lenvatinib;pembrolizumab,belzutifan;lenvatinib;pembrolizumab;pembrolizumab/quavonlimab,PD-1,Monoclonal Antibody,PD-L1,1,1,0,0,0,0,0
NCT05931393,Sequential Treatment of Cabozantinib for Advanced Renal Cell Carcinoma (RCC),PHASE2,Phase 2,RECRUITING,18,University of Texas Southwestern Medical Center,University of Texas Southwestern Medical Center,48,0,0,single_arm,1,cabozantinib,cabozantinib,MET,Small Molecule,MET;PD-L1,0,1,1,0,0,0,1
NCT05944237,HTL0039732 in Participants With Advanced Solid Tumours,PHASE1;PHASE2,Phase 2,RECRUITING,150,Cancer Research UK,Cancer Research UK,16,0,0,multi_experimental,3,,htl0039732 capsules;htl0039732 capsules and atezolizumab infusion,PD-L1,,HER2;PD-L1;genomic,0,1,1,0,0,1,1
NCT06004336,A Randomized Trial of Maintenance Systemic Therapy After Radiation for Oligometastatic Renal Cell Carcinoma (ASTROs),PHASE2,Phase 2,RECRUITING,144,M.D. Anderson Cancer Center,M.D. Anderson Cancer Center,697,0,1,multi_experimental,2,pembrolizumab;radiation therapy,pembrolizumab;radiation therapy,PD-1,Monoclonal Antibody,MET;PD-L1,1,1,1,0,0,0,1
NCT06010875,A Clinical Research About CD70-targeted CAR-T in the Treatment of CD70-positive Advanced/Metastatic Solid Tumors,PHASE1,Phase 1,RECRUITING,48,"Chongqing Precision Biotech Co., Ltd",Chongqing Precision Biotech,41,1,0,multi_experimental,2,cd70 car-t cells,cd70 car-t cells,CD70,CAR-T,CD70,1,1,0,0,0,0,0
NCT06026410,KO-2806 Monotherapy and Combination Therapies in Advanced Solid Tumors,PHASE1,Phase 1,RECRUITING,300,"Kura Oncology, Inc.",Kura Oncology,14,1,0,multi_experimental,7,,adagrasib;cabozantinib;darlifarnib,HRAS,Small Molecule,HRAS;KRAS,0,1,0,0,1,1,0
NCT06047379,"Safety and Efficacy of NEO212 in Patients With Astrocytoma IDH-mutant, Glioblastoma IDH-wildtype or Brain Metastasis",PHASE1;PHASE2,Phase 2,RECRUITING,134,"Neonc Technologies, Inc.",Neonc Technologies,4,1,0,multi_experimental,8,neo212 oral capsule,bevacizumab;carboplatin;folfiri protocol;ipilimumab;neo212 oral capsule;nivolumab;paclitaxel;pembrolizumab;regorafenib,,Small Molecule,,0,1,0,0,0,0,0
NCT06053658,Phase 2 Study of Combination Tivozanib and Nivolumab in Advanced Non-Clear Cell Renal Cell Carcinoma,PHASE2,Phase 2,RECRUITING,48,M.D. Anderson Cancer Center,M.D. Anderson Cancer Center,697,0,0,single_arm,1,nivolumab;tivozanib,nivolumab;tivozanib,VEGF/VEGFR,Small Molecule,PD-L1,0,1,1,0,0,0,1
NCT06083922,"A Study of CyBorD (Cyclophosphamide, Bortezomib, Dexamethasone) Plus Daratumumab in People With Monoclonal Gammopathy of Renal Significance (MGRS)",PHASE2,Phase 2,RECRUITING,20,Memorial Sloan Kettering Cancer Center,Memorial Sloan Kettering Cancer Center,411,0,1,multi_experimental,2,bortezomib;cyclophosphamide;daratumumab,bortezomib;cyclophosphamide;daratumumab,CD38,Monoclonal Antibody,,1,1,0,0,0,0,0
NCT06099782,A Study of Participant Reported Preference for Subcutaneous Pembrolizumab Coformulated With Berahyaluronidase Alfa (MK-3475A) Over Intravenous Pembrolizumab (MK-3475) Formulation in Multiple Tumor Types (MK-3475A-F11),PHASE2,Phase 2,ACTIVE_NOT_RECRUITING,147,Merck Sharp & Dohme LLC,Merck (MSD),649,1,1,active_comparator,2,pembrolizumab;pembrolizumab (+) berahyaluronidase alfa,pembrolizumab;pembrolizumab (+) berahyaluronidase alfa,PD-1,Monoclonal Antibody,ALK;PD-L1;ROS1,1,1,1,0,0,0,1
NCT06127238,Study of ST-1898 in Advanced Renal Cell Carcinoma,PHASE1;PHASE2,Phase 2,ACTIVE_NOT_RECRUITING,90,Beijing Scitech-Mq Pharmaceuticals Limited,Beijing Scitech-Mq Pharmaceuticals,3,1,0,multi_experimental,2,st-1898 tablets,st-1898 tablets,RET,Small Molecule,MET;RET,0,1,0,0,0,0,0
NCT06132945,A Study of Cabozantinib and Nivolumab With Radiation Therapy for People With Renal Cell Carcinoma That Has Spread to the Brain,PHASE1,Phase 1,ACTIVE_NOT_RECRUITING,2,Memorial Sloan Kettering Cancer Center,Memorial Sloan Kettering Cancer Center,411,0,0,single_arm,1,cabozantinib;device: nivolumab;stereotactic radiosurgery (srs),cabozantinib;device: nivolumab;stereotactic radiosurgery (srs),MET,Small Molecule,PD-L1,0,1,0,0,0,0,0
NCT06142396,Pilot Study Dara-CyBorD in Newly Diagnosed Multiple Myeloma Patients With Renal Failure,EARLY_PHASE1,Phase 1,RECRUITING,30,Augusta University,Augusta University,1,0,1,single_arm,1,and dexamethasone;cyclophosphamide;daratumumab-hyaluronidase in combination with bortezomib,and dexamethasone;cyclophosphamide;daratumumab-hyaluronidase in combination with bortezomib,CD38,Monoclonal Antibody,,1,1,0,0,0,0,0
NCT06147037,"A Phase 1, Dose-escalation Study of [225Ac]-FPI-2068 in Adult Patients With Advanced Solid Tumours",PHASE1,Phase 1,ACTIVE_NOT_RECRUITING,13,AstraZeneca,AstraZeneca,780,1,1,single_arm,1,[111in]-fpi-2107;[225ac]-fpi-2068;fpi-2053,[111in]-fpi-2107;[225ac]-fpi-2068;fpi-2053,,Bispecific Antibody,,1,1,0,0,0,0,0
NCT06234605,A Study of HC-7366 in Combination With Belzutifan (WELIREG™) in Patients With Renal Cell Carcinoma,PHASE1,Phase 1,RECRUITING,80,"HiberCell, Inc.",HiberCell,11,1,1,multi_experimental,2,hc-7366,belzutifan;hc-7366,GCN2,Small Molecule,VHL,0,1,0,0,0,0,0
NCT06238479,"A Study of LY4101174 in Participants With Recurrent, Advanced or Metastatic Solid Tumors",PHASE1,Phase 1,ACTIVE_NOT_RECRUITING,490,Eli Lilly and Company,Eli Lilly,535,1,1,multi_experimental,3,ly4101174,ly4101174,NECTIN4,ADC,NECTIN-4,1,1,0,0,0,0,0
NCT06239194,Dose Escalation and Dose Expansion Study of MDX2001 in Patients With Advanced Solid Tumors,PHASE1;PHASE2,Phase 2,RECRUITING,285,"ModeX Therapeutics, An OPKO Health Company","ModeX Therapeutics, An OPKO Health",3,1,0,multi_experimental,4,mdx2001,mdx2001,CD3,Bispecific Antibody,MET;TROP2,1,1,0,0,0,0,0
NCT06242470,A Study of MGC026 in Participants With Advanced Solid Tumors,PHASE1,Phase 1,RECRUITING,250,MacroGenics,MacroGenics,29,1,0,multi_experimental,12,,mgc026 dose escalation;mgc026 dose for expansion,,,,0,1,0,0,0,0,0
NCT06245915,"AB-2100, an Integrated Circuit T Cell Therapy in Patients With Recurrent Clear-cell Renal Cell Carcinoma (ccRCC)",PHASE1;PHASE2,Phase 2,ACTIVE_NOT_RECRUITING,37,"Arsenal Biosciences, Inc.",Arsenal Biosciences,3,1,0,single_arm,1,ab-2100,ab-2100,CA9,Cell Therapy,,1,1,0,0,0,0,0
NCT06265025,"GM103 Intratumoral Injection in Patients With Locally Advanced, Unresectable, Refractory and/or Metastatic Solid Tumors",PHASE1;PHASE2,Phase 2,RECRUITING,125,"GeneMedicine Co., Ltd.",GeneMedicine,1,1,0,multi_experimental,3,,gm103 (part a);gm103 (part b);gm103 and pembrolizumab (part c),PD-1,Oncolytic Virus,,1,1,0,0,0,1,0
NCT06284564,A Phase II Study Bolstering Outcomes by Optimizing Immunotherapy Strategies With Evolocumab and Nivolumab in Patients With Metastatic Renal Cell Carcinoma (BOOST-RCC),PHASE2,Phase 2,ACTIVE_NOT_RECRUITING,10,M.D. Anderson Cancer Center,M.D. Anderson Cancer Center,697,0,1,single_arm,1,evolocumab;nivolumab,evolocumab;nivolumab,PCSK9,Monoclonal Antibody,,1,1,0,1,0,0,1
NCT06307431,A Study of Adjuvant Intismeran Autogene (V940) and Pembrolizumab in Renal Cell Carcinoma (V940-004).,PHASE2,Phase 2,ACTIVE_NOT_RECRUITING,272,Merck Sharp & Dohme LLC,Merck (MSD),649,1,1,active_comparator,2,pembrolizumab,intismeran autogene;pembrolizumab,PD-1,Monoclonal Antibody,PD-L1,1,1,0,0,0,0,0
NCT06321250,A Study of JMKX003948 Tablets in Patients With Renal Cell Carcinoma,PHASE1,Phase 1,RECRUITING,80,Jemincare,Jemincare,10,1,0,multi_experimental,2,jmkx003948,jmkx003948,HIF-2α,Cell Therapy,,1,1,0,0,0,0,0
NCT06332755,"Study to Evaluate LB-LR1109, Administered Alone for the Treatment of Solid Tumor and in Combination With Atezolizumab for the Treatment of NSCLC",PHASE1,Phase 1,RECRUITING,76,LG Chem,LG Chem,2,1,0,multi_experimental,2,,phase 1a: lb-lr1109;phase 1b: lb-lr1109 and atezolizumab,PD-L1,Monoclonal Antibody,genomic,1,1,0,0,0,0,0
NCT06362369,A Study of Oral 7HP349 (Alintegimod) in Combination With Ipilimumab Followed by Nivolumab Monotherapy,PHASE1;PHASE2,Phase 2,RECRUITING,126,"7 Hills Pharma, LLC",7 Hills Pharma,2,1,0,single_arm,1,alintegimod;ipilimumab;nivolumab,alintegimod;ipilimumab;nivolumab,CTLA-4,Monoclonal Antibody,ALK;MMR;MSI;MSI-H;PD-L1;genomic,1,1,1,0,0,1,1
NCT06364631,CARE1 Pragmatic Clinical Trial,PHASE3,Phase 3,RECRUITING,1250,"Gustave Roussy, Cancer Campus, Grand Paris","Gustave Roussy, Cancer Campus, Grand Paris",31,0,0,multi_experimental,2,nivolumab,,PD-1,Monoclonal Antibody,CD30;biomarker,1,0,0,0,0,0,0
NCT06380816,A Phase I/II Trial of UCB4594 in Participants With Advanced Cancer,PHASE1;PHASE2,Phase 2,RECRUITING,167,Cancer Research UK,Cancer Research UK,16,0,0,multi_experimental,2,ucb4594,ucb4594,,,,0,1,0,0,0,1,0
NCT06399419,CBM588 Capsules in Combination With Nivolumab and Ipilimumab for the Treatment of Advanced Stage Kidney Cancer,PHASE1,Phase 1,RECRUITING,28,"Osel, Inc.",Osel,1,1,0,single_arm,1,biospecimen collection;bone scan;cbm588 capsules;computed tomography;ipilimumab;magnetic resonance imaging;nivolumab,biospecimen collection;bone scan;cbm588 capsules;computed tomography;ipilimumab;magnetic resonance imaging;nivolumab,PD-1,Small Molecule,MET,0,1,0,1,0,0,1
NCT06413680,A First-In Human (FIH) Study to Find Out How Well REGN10597 Medicine Given Alone or in Combination With Cemiplimab Works in Adult Participants Who Have Cancer With Tumors That Have Spread in Their Body,PHASE1;PHASE2,Phase 2,RECRUITING,240,Regeneron Pharmaceuticals,Regeneron,95,1,1,multi_experimental,4,regn10597,cemiplimab;regn10597,PD-1,Bispecific Antibody,PD-L1,1,1,1,0,0,0,1
NCT06432036,"Yttrium-90 (Y90) Radioembolization for the Treatment of Early Stage Renal Cell Carcinoma, The RENEGADE Trial",PHASE1;PHASE2,Phase 2,RECRUITING,25,Jonsson Comprehensive Cancer Center,Jonsson Comprehensive Cancer Center,117,0,0,single_arm,1,angiogram;biospecimen collection;computed tomography;radioembolization;single photon emission computed tomography;survey administration;yttrium y 90 glass microspheres,angiogram;biospecimen collection;computed tomography;radioembolization;single photon emission computed tomography;survey administration;yttrium y 90 glass microspheres,,,,0,1,0,0,0,0,0
NCT06444815,A Study of VET3-TGI in Patients With Solid Tumors,PHASE1,Phase 1,RECRUITING,60,KaliVir Immunotherapeutics,KaliVir Immunotherapeutics,1,1,0,multi_experimental,4,vet3-tgi,atezolizumab;vet3-tgi,TGF-β,Oncolytic Virus,,1,1,1,0,0,0,1
NCT06444880,Phase II Trial of Ubamatamab Alone or in Combination With Cemiplimab in MUC16-Expressing SMARCB1-Deficient Malignancies,PHASE2,Phase 2,ACTIVE_NOT_RECRUITING,15,M.D. Anderson Cancer Center,M.D. Anderson Cancer Center,697,0,1,multi_experimental,2,ubamatamab,cemiplimab;ubamatamab,MUC16,Bispecific Antibody,MUC16;PD-L1;biomarker,1,1,1,0,0,1,1
NCT06447103,An Investigational Scan (89Zr-DFO-GmAb PET/CT) Compared to Contrast-Enhanced CT for the Detection of Recurrent Clear Cell Renal Cell Cancer After Surgery Comparing Carbonic Anhydrase IX (CAIX) PET CT to Conventional PET CT for Post-Op Staging in Kidney Cancer,PHASE2,Phase 2,RECRUITING,91,Jonsson Comprehensive Cancer Center,Jonsson Comprehensive Cancer Center,117,0,0,single_arm,1,biospecimen collection;bone scan;computed tomography;magnetic resonance imaging;positron emission tomography;questionnaire administration;zirconium zr 89 girentuximab,biospecimen collection;bone scan;computed tomography;magnetic resonance imaging;positron emission tomography;questionnaire administration;zirconium zr 89 girentuximab,,Monoclonal Antibody,PD-L1,1,1,1,1,0,0,1
NCT06451497,"This is a Phase 1 Trial of ZM008, an Anti-LLT1 Antibody, Used as Single Agent Followed by Combination Treatment With Toripalimab in Patients With Advanced Solid Tumors",PHASE1,Phase 1,RECRUITING,100,Zumutor Biologics Inc.,Zumutor Biologics,1,1,0,single_arm,1,zm008,zm008,LLT1,Monoclonal Antibody,,1,1,0,0,0,1,0
NCT06465069,A Study of LY4052031 in Participants With Advanced or Metastatic Urothelial Cancer or Other Solid Tumors,PHASE1,Phase 1,RECRUITING,420,Eli Lilly and Company,Eli Lilly,535,1,1,multi_experimental,3,ly4052031,ly4052031,NECTIN4,ADC,NECTIN-4,1,1,0,0,0,0,0
NCT06480565,A Phase 1/2 Trial of ADI-270 in ccRCC,PHASE1;PHASE2,Phase 2,ACTIVE_NOT_RECRUITING,60,Adicet Therapeutics,Adicet Therapeutics,3,1,0,multi_experimental,2,adi-270;cyclophosphamide;fludarabine,adi-270;cyclophosphamide;fludarabine,CD70,CAR-T,CD70,1,1,0,0,0,0,0
NCT06553339,A Study of HS-10516 in Patients With VHL Syndrome Associated Tumors,PHASE1,Phase 1,RECRUITING,60,"Jiangsu Hansoh Pharmaceutical Co., Ltd.",Hansoh,82,1,0,multi_experimental,4,oral hs-10516,oral hs-10516,VHL,Small Molecule,VHL,0,1,0,0,0,0,0
NCT06582017,"Safety, PK and Efficacy of QXL138AM in Patients With Solid Tumors and Multiple Myeloma",PHASE1,Phase 1,RECRUITING,100,Nammi Therapeutics Inc,Nammi Therapeutics,1,1,0,multi_experimental,4,qxl138am injection every 2 weeks by iv infusion,qxl138am injection every 2 weeks by iv infusion,,Recombinant Protein,,0,1,0,0,0,0,0
NCT06642220,Ablative Radioembolization of Renal Cell Carcinoma Trial,PHASE2,Phase 2,RECRUITING,16,Derek W. Cool,Derek W. Cool,1,0,0,single_arm,1,device: y-90 selective internal radiation therapy (sirt),device: y-90 selective internal radiation therapy (sirt),,Radiopharmaceutical,,0,1,0,0,0,0,0
NCT06673329,Brodalumab in the Treatment of Immune-Related Adverse Events,PHASE1,Phase 1,RECRUITING,11,"Brian Henick, MD","Brian Henick, MD",1,0,0,single_arm,1,brodalumab;ct scan,brodalumab;ct scan,IL-17RA,Monoclonal Antibody,,1,1,0,0,0,0,0
NCT06682793,"A Study to Evaluate the Safety and Efficacy of A2B395, an Allogeneic Logic-gated CAR T, in Participants With Solid Tumors That Express EGFR and Have Lost HLA-A*02 Expression",PHASE1;PHASE2,Phase 2,RECRUITING,240,A2 Biotherapeutics Inc.,A2 Biotherapeutics,3,1,0,single_arm,1,a2b395;diagnostic test: xt cdx with hla-loh assay,a2b395;diagnostic test: xt cdx with hla-loh assay,EGFR,CAR-T,HLA-A*02,1,1,0,0,0,0,0
NCT06708949,"A Randomized Phase 2 Trial of Nivolumab, Relatlimab Plus Ipilimumab vs. Nivolumab Plus Ipilimumab in First-line Advanced Renal Cell Carcinoma (RCC)",PHASE2,Phase 2,ACTIVE_NOT_RECRUITING,52,M.D. Anderson Cancer Center,M.D. Anderson Cancer Center,697,0,1,multi_experimental,2,ipilimumab,bms-986213 (relatlimab-nivolumab fdc);drugs nivolumab;ipilimumab,PD-1,Monoclonal Antibody,PD-L1,1,1,0,0,0,0,0
NCT06750419,89Zr-TLX250 for PET/CT Imaging of ccRCC - ZIRCON-CP Study,PHASE3,Phase 3,RECRUITING,82,Telix Pharmaceuticals (Innovations) Pty Limited,Telix Pharmaceuticals (Innovations) Pty,19,1,0,single_arm,1,89zr-tlx250 pet/ct,89zr-tlx250 pet/ct,SLC43A2,Radiopharmaceutical,Clear Cell Renal Cell Carcinoma,0,1,0,0,0,0,0
NCT06783348,Radiopharmaceutical Treatment of Advanced Kidney Cancer,PHASE2,Phase 2,RECRUITING,48,European Organisation for Research and Treatment of Cancer - EORTC,European Organisation for Research and Treatment of Cancer - EORTC,38,0,0,single_arm,1,177lu-psma-617,177lu-psma-617,PSMA,Radiopharmaceutical,PD-L1;PSMA,0,1,1,1,0,0,1
NCT06792552,A Phase I Study of SIM0505 in Participants With Advanced Solid Tumors,PHASE1,Phase 1,RECRUITING,738,"NextCure, Inc.",NextCure,8,1,0,multi_experimental,5,sim0505 for injection,sim0505 for injection,CDH6,ADC,PD-L1;PR;biomarker,1,1,1,0,1,1,1
NCT06794229,Neoadjuvant Zanzalintinib Plus Nivolumab in Patients With Locally Advanced and/or Inoperable Clear Cell Renal Cell Carcinoma With or Without Non-measurable Metastasis,PHASE2,Phase 2,RECRUITING,69,Qian Qin,Qian Qin,2,0,0,single_arm,1,nivolumab;zanzalintinib,nivolumab;zanzalintinib,EGFR,Small Molecule,MET;PD-L1,0,1,0,1,0,0,1
NCT06805825,A Study of the c-Kit Specific Antibody-Drug Conjugate NN3201 for Advanced and/or Metastatic Solid Tumors Known to Express c-Kit,PHASE1,Phase 1,RECRUITING,67,"Novelty Nobility, Inc.",Novelty Nobility,1,1,0,multi_experimental,4,nn3201,nn3201,KIT,ADC,C-KIT;MET,1,1,0,0,0,1,0
NCT06819293,IB-T101 Injection for Treatment of Patients With Advanced Clear Cell Renal Cell Carcinoma,PHASE1,Phase 1,RECRUITING,12,Grit Biotechnology,Grit Biotechnology,24,1,0,single_arm,1,ib-t101 injection,ib-t101 injection,,,,0,1,0,0,0,0,0
NCT06835972,A Study of Abemaciclib and Cabozantinib in People With Clear Cell Renal Cell Carcinoma (ccRCC),PHASE1;PHASE2,Phase 2,RECRUITING,43,Memorial Sloan Kettering Cancer Center,Memorial Sloan Kettering Cancer Center,411,0,1,single_arm,1,abemaciclib;cabozantinib,abemaciclib;cabozantinib,ER,Small Molecule,ER;HER2;PD-L1,0,1,1,0,0,1,1
NCT06863311,Trial of Zanzalintinib (XL092) in Combination With Immunotherapy in Patients Who Progress on Adjuvant Therapy in Clear Cell RCC,PHASE2,Phase 2,RECRUITING,70,Karie Runcie,Karie Runcie,1,0,0,multi_experimental,2,xl092,nivolumab;xl092,PD-1,Small Molecule,PD-L1,0,1,1,0,0,0,1
NCT06883539,A Phase I Study of LXP1788 Injection with Advanced Solid Tumors.,PHASE1,Phase 1,RECRUITING,24,"LaunXP Biomedical Co., Ltd.",LaunXP Biomedical,1,1,0,single_arm,1,lxp1788 is administered intravenously via port-a,lxp1788 is administered intravenously via port-a,,,,0,1,0,0,0,1,0
NCT06910657,IDOV-Immune for Advanced Solid Tumors,PHASE1,Phase 1,RECRUITING,78,"ViroMissile, Inc.",ViroMissile,1,1,0,single_arm,1,idov-immune (oncolytic vaccinia virus),idov-immune (oncolytic vaccinia virus),,Oncolytic Virus,,1,1,0,0,0,0,0
NCT06962787,A Study of BL-B01D1+TKI±Pembrolizumab in Patients With Locally Advanced or Metastatic Renal Cancer,PHASE2,Phase 2,RECRUITING,260,"Sichuan Baili Pharmaceutical Co., Ltd.",Sichuan Baili Pharmaceutical,127,1,0,single_arm,1,axitinib;bl-b01d1;lenvatinib;pembrolizumab,axitinib;bl-b01d1;lenvatinib;pembrolizumab,PD-1,ADC,PD(L)-1,1,1,0,0,0,0,0
NCT06964958,177LuPSMA in Renal Cell Carcinoma,PHASE2,Phase 2,ACTIVE_NOT_RECRUITING,24,Dana-Farber Cancer Institute,Dana-Farber Cancer Institute,326,0,1,single_arm,1,177lu-psma-617,177lu-psma-617,PSMA,Radiopharmaceutical,PSMA,0,1,0,1,0,0,1
NCT06966024,Study of DCC-2812 in Participants With Advanced Genitourinary Cancers,PHASE1,Phase 1,RECRUITING,60,"Deciphera Pharmaceuticals, LLC",Deciphera,17,1,0,single_arm,1,dcc-2812,dcc-2812,GCN2,Small Molecule,,0,1,0,0,0,0,0
NCT07000149,A Study to Investigate the Efficacy and Safety of Volrustomig ± Casdatifan vs Nivolumab + Ipilimumab as 1L Treatment for Advanced ccRCC,PHASE1,Phase 1,ACTIVE_NOT_RECRUITING,9,AstraZeneca,AstraZeneca,780,1,1,multi_experimental,2,casdatifan;volrustomig,casdatifan;volrustomig,PD-1,Monoclonal Antibody,PD-L1,1,1,0,0,0,0,0
NCT07011719,Study of Casdatifan and Cabozantinib Versus Placebo and Cabozantinib in Patients With Advanced Clear Cell Renal Cell Carcinoma,PHASE3,Phase 3,RECRUITING,720,"Arcus Biosciences, Inc.",Arcus Biosciences,21,1,0,placebo_comparator,2,cabozantinib,cabozantinib;casdatifan,MET,Small Molecule,PD-L1,0,1,0,0,0,0,0
NCT07043608,Zanzalintinib for Metastatic Clear Cell Renal Cell Carcinoma With Bone Metastases,PHASE2,Phase 2,RECRUITING,20,"Kelly Fitzgerald, MD","Kelly Fitzgerald, MD",1,0,0,single_arm,1,bone scan;computerized tomography (ct) scan;investigator choice of bone strengthening agents (bsa);non-investigational radiation therapy (rt);zanzalintinib,bone scan;computerized tomography (ct) scan;investigator choice of bone strengthening agents (bsa);non-investigational radiation therapy (rt);zanzalintinib,EGFR,Small Molecule,MET;PD-L1,0,1,0,0,0,1,0
NCT07049926,Substudy 03C: A Study of Combination Therapies in Participants With Renal Cell Carcinoma With Recurrent Disease During or After Anti-PD-(L)1 Therapy (MK-3475-03C/KEYMAKER-U03),PHASE1;PHASE2,Phase 2,RECRUITING,140,Merck Sharp & Dohme LLC,Merck (MSD),649,1,1,multi_experimental,2,belzutifan,belzutifan;zanzalintinib,EGFR,Small Molecule,PD-L1,0,1,0,0,0,0,0
NCT07067905,Clinical Evaluation of [68Ga]Ga-XT771 PET for Diagnosis in Patients With Glioblastoma and Clear Cell Renal Cell Carcinoma,EARLY_PHASE1,Phase 1,RECRUITING,15,Chinese PLA General Hospital,Chinese PLA General Hospital,11,0,0,single_arm,1,68ga-xt771,68ga-xt771,,Radiopharmaceutical,,0,1,0,0,0,0,0
NCT07072728,Psilocybin-Assisted Psychotherapy in Cancer Patients With Adjustment Disorder,PHASE2,Phase 2,RECRUITING,87,Psyence Australia Pty Ltd,Psyence Australia Pty,1,1,0,active_comparator,3,psilocybin therapy,,,,,0,0,0,0,0,0,0
NCT07077083,CAIX PET/CT for Residual or Recurrent Post-ablative ccRCC,PHASE2,Phase 2,NOT_YET_RECRUITING,10,Massachusetts General Hospital,Massachusetts General Hospital,170,0,0,multi_experimental,2,89zr-girentuximab,89zr-girentuximab,CAIX,Radiopharmaceutical,CAIX,0,1,0,0,0,0,0
NCT07087158,A Study of IBR854 Combined With Pazopanib Versus Pazopanib in Advanced Renal Cell Carcinoma,PHASE2,Phase 2,RECRUITING,30,"Imbioray (Hangzhou) Biomedicine Co., Ltd.",Imbioray (Hangzhou) Biomedicine,4,1,0,active_comparator,2,pazopanib,ibr854;pazopanib,5T4,ADC,,1,1,0,0,0,0,0
NCT07097935,Study of HS-10516 Combination Therapy in Patients With Advanced Renal Cell Carcinoma,PHASE1;PHASE2,Phase 2,RECRUITING,104,"Jiangsu Hansoh Pharmaceutical Co., Ltd.",Hansoh,82,1,0,single_arm,1,hs-10516 + lenvatinib,hs-10516 + lenvatinib,VEGF/VEGFR,Small Molecule,,0,1,0,0,0,0,0
NCT07115043,A Study to Investigate Safety of AZD6750 in Adult Participants With Select Advanced or Metastatic Solid Tumors,PHASE1;PHASE2,Phase 2,RECRUITING,120,AstraZeneca,AstraZeneca,780,1,1,multi_experimental,2,azd6750,azd6750;rilvegostomig,IL-2,Small Molecule,PD-L1,0,1,1,0,0,0,1
NCT07123090,"A Study of Sasanlimab, Palbociclib and Axitinib in Metastatic Renal Cell Carcinoma",PHASE2,Phase 2,RECRUITING,25,Stephanie Berg,Stephanie Berg,1,0,1,single_arm,1,axitinib;palbociclib;sasanlimab,axitinib;palbociclib;sasanlimab,PD-1,Monoclonal Antibody,MET;PD-L1,1,1,0,1,0,0,1
NCT07160335,"A Phase I Clinical Study to Evaluate the PK Profile, Efficacy, Safety and Immunogenicity of HLX17 vs. Keytruda® in Multiple Resected Solid Tumors",PHASE1,Phase 1,ACTIVE_NOT_RECRUITING,174,Shanghai Henlius Biotech,Shanghai Henlius,98,1,0,active_comparator,2,hlx17;us-sourced keytruda,hlx17,PD-1,Monoclonal Antibody,ALK;PD-L1,1,1,1,0,0,0,1
NCT07172802,"A Study of GI-108, an Anti-CD73-IgG4 Fc-IL-2v Bispecific Fusion Protein, as Monotherapy in Patients With Advanced or Metastatic Solid Tumors",PHASE1;PHASE2,Phase 2,RECRUITING,102,"GI Innovation, Inc.",GI Innovation,4,1,0,single_arm,1,gi-108,gi-108,CD73,Bispecific Antibody,,1,1,0,0,0,0,0
NCT07187778,Phase II Trial of Single Agent Belzutifan or Pembrolizumab Versus Combination as Neoadjuvant Therapy in Clear Cell Renal Cell Carcinoma (BLAZE),PHASE2,Phase 2,RECRUITING,10,M.D. Anderson Cancer Center,M.D. Anderson Cancer Center,697,0,1,multi_experimental,3,,belzutifan;pembrolizumab,PD-1,Monoclonal Antibody,PD-L1,1,1,1,1,0,0,1
NCT07187869,Modulation of the Bone Immune Microenvironment Following Cabozantinib Treatment of Bone Metastatic Clear Cell Renal Cell Carcinoma: Proof of Concept Study,PHASE1,Phase 1,RECRUITING,16,M.D. Anderson Cancer Center,M.D. Anderson Cancer Center,697,0,0,single_arm,1,cabozantinib;nivolumab,cabozantinib;nivolumab,MET,Small Molecule,PD-L1,0,1,0,1,0,0,1
NCT07188896,A Randomized Trial of Fianlimab and Cemiplimab +/- Ipilimumab or Ipilimumab Plus Nivolumab in First-line Advanced Renal Cell Carcinoma (RCC),PHASE2,Phase 2,RECRUITING,120,Brian Rini,Brian Rini,1,0,1,active_comparator,3,ipilimumab;nivolumab,cemiplimab;fianlimab;ipilimumab,LAG-3,Monoclonal Antibody,,1,1,0,0,1,0,0
NCT07195682,A First-in-Human Study of BMS-986506 in Participants With Advanced Clear Cell Renal Cell Carcinoma (ccRCC),PHASE1,Phase 1,RECRUITING,281,Bristol-Myers Squibb,Bristol Myers Squibb,764,1,1,multi_experimental,7,bms-986506,bms-986506;ipilimumab;pumitamig,VEGF/VEGFR,Monoclonal Antibody,PD-L1,1,1,0,0,0,0,0
NCT07197580,Phase 3 Study to Assess Safety and Efficacy of 177Lu-TLX250 in Advanced Relapsed or Recurrent ccRCC,PHASE3,Phase 3,RECRUITING,40,Telix Pharmaceuticals (Innovations) Pty Limited,Telix Pharmaceuticals (Innovations) Pty,19,1,0,multi_experimental,2,177lu-tlx250,177lu-tlx250,CAIX,Radiopharmaceutical,CAIX;PD-L1,0,1,1,1,0,1,1
NCT07219576,Retifanlimab and Ruxolitinib In Solid Malignancies,PHASE1;PHASE2,Phase 2,RECRUITING,40,"University of California, San Diego","University of California, San Diego",28,0,0,single_arm,1,retifanlimab;ruxolitinib,retifanlimab;ruxolitinib,JAK1,Small Molecule,JAK2;MET;PD-L1,0,1,1,0,0,1,1
NCT07223541,Cemiplimab or Cemiplimab and Fianlimab After Stereotactic Body Radiotherapy in Clear Cell Renal Cell Carcinoma,PHASE2,Phase 2,RECRUITING,72,University of Oklahoma,University of Oklahoma,23,0,1,active_comparator,2,cemiplimab,cemiplimab;fianlimab,PD-1,Monoclonal Antibody,,1,1,0,0,0,0,0
NCT07224776,Sparsentan for the Treatment of VEGF Signaling Pathway Inhibitor-Associated Proteinuria,PHASE1,Phase 1,RECRUITING,20,Brigham and Women's Hospital,Brigham and Women's Hospital,15,0,0,active_comparator,2,sparsentan,,VEGF/VEGFR,Small Molecule,,0,0,0,0,0,0,0
NCT07227402,A Clinical Study of Belzutifan and Zanzalintinib in People With Recurrent Kidney Cancer Following Adjuvant Therapy (MK-6482-033),PHASE3,Phase 3,RECRUITING,904,Merck Sharp & Dohme LLC,Merck (MSD),649,1,1,active_comparator,2,cabozantinib,belzutifan;zanzalintinib,EGFR,Small Molecule,PD-L1,0,1,0,1,0,0,1
NCT07227415,Symbiotic-GU-08: A Study to Learn About the Medicine Called PF-08634404 Dosed Alone and in Combination With Other Anticancer Therapies in Adults With Locally Advanced or Metastatic Renal Cell Cancer,PHASE1;PHASE2,Phase 2,RECRUITING,224,Pfizer,Pfizer,687,1,1,multi_experimental,4,pf-08634404,axitinib;casdatifan;ipilimumab;pf-08634404,PD-1,Bispecific Antibody,BRAF;MMR;MMR-PROFICIENT;MSI-H;PD-L1;RAS;ctDNA;dMMR;pMMR,1,1,0,0,0,0,0
NCT07239596,Phase Ib/II Clinical Study of SHR-8068 Combined Anti-tumor Drugs in the Treatment of Advanced Renal Cell Carcinom,PHASE1;PHASE2,Phase 2,RECRUITING,92,"Suzhou Suncadia Biopharmaceuticals Co., Ltd.",Suzhou Suncadia Biopharmaceuticals,86,1,0,multi_experimental,2,,shr-8068 ; shr-4610;shr-8068；adebrelimab ；bevacizumab,PD-1,Monoclonal Antibody,PD-L1,1,1,0,0,0,0,0
NCT07252661,Study of ACC-1898 in Adult Participants With Advanced Solid Tumors,PHASE1,Phase 1,NOT_YET_RECRUITING,40,"AccSalus Biosciences, Inc.",AccSalus Biosciences,1,1,0,multi_experimental,2,acc-1898,acc-1898,,Cell Therapy,,1,1,0,0,0,0,0
NCT07293351,"A Study to Evaluate the Safety, Tolerability, and Efficacy of Pumitamig Alone or in Combination With Other Agents in Participants With Advanced Renal Cell Carcinoma (RCC) (ROSETTA RCC-208)",PHASE1;PHASE2,Phase 2,RECRUITING,474,Bristol-Myers Squibb,Bristol Myers Squibb,764,1,1,multi_experimental,11,pumitamig,cabozantinib;casdatifan;ipilimumab;pumitamig,CTLA-4,Monoclonal Antibody,PD-L1,1,1,0,0,0,0,0
NCT07300241,Open-Label Phase 1/2 Study of NEO-811 in Subjects With Locally Advanced or Metastatic Non-Resectable Clear Cell Renal Cell Carcinoma,PHASE1,Phase 1,RECRUITING,30,"Neomorph, Inc",Neomorph,1,1,0,single_arm,1,neo-811,neo-811,ARNT,Small Molecule,,0,1,0,0,0,0,0
NCT07341737,SL-28 for Advanced Solid Tumours,PHASE1;PHASE2,Phase 2,RECRUITING,60,Second Life Therapeutics,Second Life Therapeutics,1,1,0,multi_experimental,3,sl-28,sl-28,,,biomarker,0,1,0,0,0,1,0
NCT07369505,Sapu003 in Advanced mTOR-sensitive Solid Tumors,PHASE1,Phase 1,RECRUITING,27,SAPU NANO (US) LLC,SAPU NANO (US),1,1,0,multi_experimental,2,sapu003,exemestane;sapu003,HER2,,HER2,0,1,0,0,0,0,0
NCT07397611,Pre-NEOSHIFT-RCC: Neoadjuvant HIF-Inhibitor Immunotherapy in RCC,PHASE2,Phase 2,RECRUITING,32,Dana-Farber Cancer Institute,Dana-Farber Cancer Institute,326,0,0,multi_experimental,2,casdatifan,casdatifan;zimberelimab,PD-1,Monoclonal Antibody,MET;PD-L1,1,1,0,1,0,0,1
NCT07401875,"A Phase 1b Study of HC-7366, an Agonist of ISR With Immunotherapy in Kidney Cancer (SHARK)",PHASE1,Phase 1,RECRUITING,35,M.D. Anderson Cancer Center,M.D. Anderson Cancer Center,697,0,0,multi_experimental,2,hc-7366;nivolumab,hc-7366;ipilimumab;nivolumab,PD-1,Monoclonal Antibody,CD30,1,1,0,0,0,1,0
NCT07419841,A Phase 1 Study of the Safety and Tolerability of CTX-10726,PHASE1,Phase 1,RECRUITING,70,Compass Therapeutics,Compass Therapeutics,6,1,0,multi_experimental,2,ctx-10726,ctx-10726,,,MET;MMR;MSI;PD-L1;dMMR,0,1,1,0,0,1,1
NCT07489495,A Clinical Study of Belzutifan (MK-6482) and Zanzalintinib in People With Renal Cell Carcinoma (RCC) (LITESPARK-034/LS-034/MK-6482-034),PHASE3,Phase 3,RECRUITING,758,Merck Sharp & Dohme LLC,Merck (MSD),649,1,1,active_comparator,2,belzutifan,belzutifan;zanzalintinib,EGFR,Small Molecule,PD-L1,0,1,0,1,0,0,1
NCT07494435,Phase 2 Study of WGI-0301 Plus Nivolumab in Patients With HCC and RCC,PHASE2,Phase 2,NOT_YET_RECRUITING,230,"Zhejiang Haichang Biotech Co., Ltd.",Zhejiang Haichang Biotech,4,1,0,multi_experimental,6,nivolumab (;wgi-0301,nivolumab (;wgi-0301,AKT1,Small Molecule,biomarker,0,1,0,1,1,1,1
NCT07500805,UCL70805F in Patients With CD70-positive Advanced Renal Clear Cell Carcinoma,PHASE1,Phase 1,NOT_YET_RECRUITING,21,UTC Therapeutics Inc.,UTC Therapeutics,3,1,0,single_arm,1,ucl70805f,ucl70805f,CD70,Monoclonal Antibody,CD70,1,1,0,0,0,0,0
NCT07517198,Dose Determining Study of EXS74539 (REC-4539) in Participants With Select Solid Tumors,PHASE1,Phase 1,RECRUITING,40,"Exscientia AI Ltd., a wholly owned subsidiary of Recursion Pharmaceuticals, Inc.","Exscientia AI Ltd., a wholly owned subsidiary of Recursion Pharmaceuticals",3,1,0,single_arm,1,exs74539,exs74539,LSD1,Small Molecule,,0,1,0,0,0,1,0
NCT07551349,Dual-target CD70/CAIX CAR-NK Cells for Advanced Clear Cell Renal Cell Carcinoma,PHASE1;PHASE2,Phase 2,RECRUITING,36,Beijing Biotech,Beijing Biotech,30,1,0,single_arm,1,eb-701/ca9-nk;fludarabine,eb-701/ca9-nk;fludarabine,CD70,CAR-T,CAIX;CD70;PD-L1;biomarker,1,1,1,0,0,1,1
NCT07566897,A Phase I Study to Evaluate the Safety and Efficacy of L19IL2 in Combination With Ruxolitinib in Patients With Advanced Solid Tumors,PHASE1,Phase 1,NOT_YET_RECRUITING,96,Philogen S.p.A.,Philogen S.p.A.,45,1,0,multi_experimental,3,l19il2,l19il2;ruxolitinib,VEGF/VEGFR,Bispecific Antibody,BRAF;MMR;PD-L1,1,1,0,0,0,1,0
NCT07594106,REGN15505 (PSMAx4-1BB) Alone or in Combination With Cemiplimab or REGN4336 (PSMAxCD3) in Adult Patients With Metastatic Castration-Resistant Prostate Cancer and Clear Cell Renal Cell Carcinoma,PHASE1;PHASE2,Phase 2,RECRUITING,265,Regeneron Pharmaceuticals,Regeneron,95,1,1,multi_experimental,3,,regn15505;regn15505+cemiplimab;regn15505+regn4336,PSMA,Bispecific Antibody,PD-L1;PSMA,1,1,1,0,0,0,1
NCT07620574,Long-Term Extension Study for Participants Previously Enrolled in an Exelixis-Sponsored Study,PHASE3,Phase 3,ENROLLING_BY_INVITATION,5000,Exelixis,Exelixis,52,1,1,single_arm,1,abiraterone;atezolizumab;cabozantinib;enzalutamide;nivolumab;zanzalintinib,abiraterone;atezolizumab;cabozantinib;enzalutamide;nivolumab;zanzalintinib,MET,Small Molecule,MET;PD-L1,0,1,0,0,0,0,0
NCT07623369,A First-in-Human Study of HH160 in Participants With Advanced or Metastatic Solid Tumors,PHASE1,Phase 1,RECRUITING,299,Huahui Health,Huahui Health,3,1,0,multi_experimental,3,hh160,hh160,PD-1,Bispecific Antibody,,1,1,0,0,0,0,0
NCT07636785,A Phase 1 and 2 Study of VMD-102 in Hepatocellular Carcinoma and Other Solid Tumors,PHASE1;PHASE2,Phase 2,RECRUITING,111,"VM Discovery, Inc.",VM Discovery,1,1,0,single_arm,1,vmd-102,vmd-102,,,biomarker,0,1,0,1,0,1,1
NCT07647744,To Evaluate the Safety and Tolerability of Anti-Human CD70 T-Cell Injection in Subjects With Advanced/Metastatic Renal Cancer,PHASE1,Phase 1,RECRUITING,18,"Hrain Biotechnology Co., Ltd.",Hrain Biotechnology,13,1,0,single_arm,1,anti-human cd70 t-cell injection,anti-human cd70 t-cell injection,,Cell Therapy,PD-L1,1,1,1,0,0,0,1
NCT07667335,"Enfortumab Vedotin, Pembrolizumab and Quemliclustat for the Treatment of Unresectable Locally Advanced and Metastatic Urothelial Cancer",PHASE1;PHASE2,Phase 2,RECRUITING,27,Fred Hutchinson Cancer Center,Fred Hutchinson Cancer Center,52,0,0,single_arm,1,biopsy procedure;biospecimen collection;computed tomography;enfortumab vedotin;magnetic resonance imaging;pembrolizumab;quemliclustat,biopsy procedure;biospecimen collection;computed tomography;enfortumab vedotin;magnetic resonance imaging;pembrolizumab;quemliclustat,PD-1,Monoclonal Antibody,PD-L1,1,1,0,1,1,0,1
NCT07671417,Imaging Study in Metastatic Clear Cell RCC.,EARLY_PHASE1,Phase 1,NOT_YET_RECRUITING,10,"RayzeBio, Inc.",RayzeBio,7,1,0,single_arm,1,diagnostic test: ryz512,diagnostic test: ryz512,,,,0,1,0,0,0,0,0
NCT07688187,A Study of Theranostic Pair PD-32766D/T in Participants With Carbonic Anhydrase IX Positive Clear Cell Renal Cell Carcinoma,PHASE1,Phase 1,RECRUITING,60,PeptiDream Inc.,PeptiDream,1,1,0,multi_experimental,2,pd-32766d (a copper-64 [64cu] labeled peptide);pd-32766t (an actinium-225 [225ac] labeled peptide),pd-32766d (a copper-64 [64cu] labeled peptide);pd-32766t (an actinium-225 [225ac] labeled peptide),,Peptide,,0,1,0,0,0,0,0
NCT07715734,Cemiplimab for Kidney Transplant Recipients With Advanced Cutaneous Squamous Cell Carcinoma,PHASE2,Phase 2,NOT_YET_RECRUITING,22,Washington University School of Medicine,Washington University School of Medicine,178,0,1,single_arm,1,cemiplimab;cetuximab (egfr inhibitor);sirolimus,cemiplimab;cetuximab (egfr inhibitor);sirolimus,PD-1,Monoclonal Antibody,MET;PD-L1,1,1,1,0,0,0,1
NCT07716917,Genitourinary Tumors With Sacituzumab Tirumotecan,PHASE2,Phase 2,NOT_YET_RECRUITING,100,Alianza multidisciplinar para la investigación de los tumores genitourinarios -GUARD,Alianza multidisciplinar para la investigación de los tumores genitourinarios -GUARD,3,0,1,multi_experimental,2,sacituzumab tirumotecan (skb264),sacituzumab tirumotecan (skb264),,Monoclonal Antibody,PD-L1,1,1,1,1,1,0,1
NCT07748988,Pilot Study of Casdatifan-Treated Refractory Renal Cell Carcinoma,EARLY_PHASE1,Phase 1,NOT_YET_RECRUITING,12,Vanderbilt-Ingram Cancer Center,Vanderbilt-Ingram Cancer Center,25,0,0,single_arm,1,casdatifan,casdatifan,VEGF/VEGFR,,,0,1,0,0,0,1,0
NCT07768306,"Evaluation of Safety, Pharmacokinetics, Distribution，Radiation Safety and Sensitivity/Specificity of PET/CT Imaging With 68Ga-NYM096 in Participants With IRM",PHASE1,Phase 1,NOT_YET_RECRUITING,20,"Norroy Bioscience Co., LTD",Norroy Bioscience,7,1,0,single_arm,1,68ga-nym096 injection,68ga-nym096 injection,,,,0,1,0,0,0,0,0
NCT07770802,Clinical Study of HS-IT101 Injection in the Treatment of Advanced Renal Cancer,PHASE1,Phase 1,NOT_YET_RECRUITING,15,"Qingdao Sino-Cell Biomedicine Co., Ltd.",Qingdao Sino-Cell Biomedicine,6,1,0,single_arm,1,cyclophosphamid;fludarabine;hs-it101 monotherapy;interleukin 2 subcutaneous injection,cyclophosphamid;fludarabine;hs-it101 monotherapy;interleukin 2 subcutaneous injection,,Cell Therapy,,1,1,0,0,0,1,0
NCT07781852,Evaluation of the Distribution of 64Cu/68Ga Labeled CM500 in Healthy Volunteers and Patients With Cancer,EARLY_PHASE1,Phase 1,NOT_YET_RECRUITING,40,Lumina Pharmaceuticals Inc,Lumina Pharmaceuticals,1,1,0,active_comparator,4,[64cu]cm500;[68ga]cm500;blood collection;device: pet/ct;device: pet/mr,[64cu]cm500;[68ga]cm500;blood collection;device: pet/ct;device: pet/mr,,Peptide,,0,1,0,0,0,0,0
