nct_id,brief_title,phase,phase_simple,overall_status,enrollment,lead_sponsor,company,sponsor_scale,is_industry,is_big_pharma,arm_structure,n_arms,comparator_B,experimental_A,targets,modalities,biomarkers_pipeline,tme_relevant,is_combination,HER2,PD-L1_CPS,CLDN18.2,MSI-H/dMMR,first_line,later_line,biomarker_selected,biomarker_detail,elig_summary
NCT01366144,"Veliparib, Paclitaxel, and Carboplatin in Treating Patients With Solid Tumors That Are Metastatic or Cannot Be Removed by Surgery and Liver or Kidney Dysfunction",PHASE1,Phase 1,ACTIVE_NOT_RECRUITING,94,National Cancer Institute (NCI),National Cancer Institute (NCI),18,0,0,single_arm,1,carboplatin;laboratory biomarker analysis;paclitaxel;pharmacological study;veliparib,carboplatin;laboratory biomarker analysis;paclitaxel;pharmacological study;veliparib,PARP,Small Molecule,BRCA1;BRCA2,0,1,0,0,0,0,0,0,0,,metastatic
NCT02584244,Feasibility of the LUM Imaging System for Detection of Gastrointestinal Cancers,PHASE1;PHASE2,Phase 2,RECRUITING,66,"Lumicell, Inc.",Lumicell,9,1,0,multi_experimental,6,device: lum 2.6 imaging device;lum015,device: lum 2.6 imaging device;lum015,,,,0,1,0,0,0,0,0,0,0,,neoadjuvant · adenoca.
NCT02869217,Study of TBI-1301 (NY-ESO-1 Specific TCR Gene Transduced Autologous T Lymphocytes) in Patients With Solid Tumors,PHASE1,Phase 1,ACTIVE_NOT_RECRUITING,22,"University Health Network, Toronto","University Health Network, Toronto",91,0,0,multi_experimental,2,cyclophosphamide;fludarabine;tbi-1301,cyclophosphamide;fludarabine;tbi-1301,NY-ESO-1,Cell Therapy,HLA-A*02:01;HLA-A*02:06;MET;NY-ESO-1,1,1,0,0,0,0,0,0,0,,metastatic · ductal · measurable (RECIST)
NCT02962063,"Durvalumab, an Anti-PDLI Antibody, and Tremelimumab, an Anti-CTLA4 Antibody, and Chemoradiation Before Surgery for Esophageal Cancer",PHASE1;PHASE2,Phase 2,ACTIVE_NOT_RECRUITING,64,Memorial Sloan Kettering Cancer Center,Memorial Sloan Kettering Cancer Center,411,0,1,single_arm,1,carboplatin auc 2/paclitaxel;durvalumab;esophagogastrectomy;external beam radiation (ebrt);tremelimumab,carboplatin auc 2/paclitaxel;durvalumab;esophagogastrectomy;external beam radiation (ebrt);tremelimumab,PD-L1,Monoclonal Antibody,EGFR;HER2;PD-L1,1,1,1,1,0,0,0,0,1,"HER2+, PD-L1+",metastatic · adenoca.
NCT03044613,Nivolumab +/- Relatlimab Prior to Chemoradiation With II/III Gastro/Esophageal Cancer,PHASE1,Phase 1,ACTIVE_NOT_RECRUITING,32,Sidney Kimmel Comprehensive Cancer Center at Johns Hopkins,Sidney Kimmel Comprehensive Cancer Center at Johns Hopkins,160,0,1,multi_experimental,2,carboplatin;nivolumab;paclitaxel;radiation,carboplatin;nivolumab;paclitaxel;radiation;relatlimab,PD-1,Monoclonal Antibody,CD30;MET;PD-L1;PR;biomarker,1,1,0,1,0,0,0,0,1,PD-L1+,metastatic · adenoca.
NCT03132922,MAGE-A4ᶜ¹º³²T for Multi-Tumor,PHASE1,Phase 1,ACTIVE_NOT_RECRUITING,71,"USWM CT, LLC",USWM CT,8,1,0,multi_experimental,2,,autologous genetically modified mage-a4c1032t cells combined with low dose radiation;autologous genetically modified mage-a4ᶜ¹º³²t cells,MAGE-A4,Cell Therapy,HLA-A2;MAGE-A4,1,1,0,0,0,0,0,0,0,,metastatic · measurable (RECIST)
NCT03170960,Study of Cabozantinib Alone or in Combination With Atezolizumab to Subjects With Locally Advanced or Metastatic Solid Tumors,PHASE1,Phase 1,ACTIVE_NOT_RECRUITING,914,Exelixis,Exelixis,52,1,0,multi_experimental,25,,atezolizumab;cabozantinib,MET,Small Molecule,PD-L1,0,1,0,1,0,0,0,0,1,PD-L1+,metastatic · measurable (RECIST)
NCT03174275,"Carboplatin, Nab-Paclitaxel, Durvalumab Before Surgery and Adjuvant Therapy in Head and Neck Squamous Cell Carcinoma",PHASE2,Phase 2,ACTIVE_NOT_RECRUITING,39,UNC Lineberger Comprehensive Cancer Center,UNC Lineberger Comprehensive Cancer Center,85,0,1,multi_experimental,3,carboplatin;durvalumab;nab-paclitaxel;surgical resection,carboplatin;cisplatin;durvalumab;imrt;nab-paclitaxel;surgical resection,PD-L1,Monoclonal Antibody,EGFR;PD-L1,1,1,0,1,0,0,1,0,1,PD-L1+,metastatic · 1st-line · squamous · measurable (RECIST)
NCT03448835,"Neoadjuvant Capecitabine, Oxaliplatin, Docetaxel and Atezolizumab in Resectable Gastric and GE-junction Cancer (PANDA)",PHASE2,Phase 2,ACTIVE_NOT_RECRUITING,20,The Netherlands Cancer Institute,The Netherlands Cancer Institute,72,0,1,single_arm,1,atezolizumab;capecitabine;docetaxel;oxaliplatin,atezolizumab;capecitabine;docetaxel;oxaliplatin,PD-L1,Monoclonal Antibody,CMMRD;MSI-H;TMB,1,1,0,0,0,0,0,0,0,,metastatic · adenoca.
NCT03488667,Perioperative mFOLFOX Plus Pembrolizumab in Gastroesophageal Junction (GEJ) and Stomach Adenocarcinoma,PHASE2,Phase 2,ACTIVE_NOT_RECRUITING,40,University of Kansas Medical Center,University of Kansas Medical Center,27,0,1,single_arm,1,adjuvant treatment - mfolfox & pembrolizumab;neoadjuvant treatment - mfolfox6 & pembrolizumab,adjuvant treatment - mfolfox & pembrolizumab;neoadjuvant treatment - mfolfox6 & pembrolizumab,PD-1,Monoclonal Antibody,PD-L1,1,1,0,1,0,0,0,0,1,PD-L1+,metastatic · adenoca.
NCT03526835,A Study of Bispecific Antibody MCLA-158 in Patients With Advanced Solid Tumors,PHASE1;PHASE2,Phase 2,RECRUITING,560,Merus B.V.,Merus,8,1,0,multi_experimental,4,,mcla-158;mcla-158 + folfiri;mcla-158 + folfox;mcla-158 + pembrolizumab,EGFR,Monoclonal Antibody,BRAF;HER2;KRAS;PD-L1,1,1,1,1,0,0,1,1,1,"HER2+, PD-L1+",metastatic · 1st-line · adenoca. · measurable (RECIST)
NCT03539822,Cabozantinib Plus Durvalumab With or Without Tremelimumab in Patients With Gastroesophageal Cancer and Other Gastrointestinal Malignancies,PHASE1;PHASE2,Phase 2,RECRUITING,117,Anwaar Saeed,Anwaar Saeed,3,0,1,multi_experimental,4,cabozantinib;durvalumab,cabozantinib;durvalumab;tremelimumab,MET,Small Molecule,MET;MMR;MSI;PD-L1,0,1,0,1,0,0,1,0,1,PD-L1+,metastatic · 1st-line · adenoca. · measurable (RECIST)
NCT03544736,Safety and Feasibility of Irradiation and Nivolumab in Esophageal Cancer (INEC),PHASE1;PHASE2,Phase 2,ACTIVE_NOT_RECRUITING,30,Oslo University Hospital,Oslo University Hospital,14,0,1,multi_experimental,3,nivolumab;radiotherapy,nivolumab;radiotherapy;surgery,PD-1,Monoclonal Antibody,CD30;PD-L1,1,1,0,1,0,0,1,0,1,PD-L1+,metastatic · 1st-line · adenoca. · ECOG 0
NCT03556228,VMD-928 Monotherapy and in Combination With Pembrolizumab to Treat TrkA Overexpression Driven Solid Tumors or Lymphoma,PHASE1;PHASE2,Phase 2,RECRUITING,242,"VM Oncology, LLC",VM Oncology,1,1,0,multi_experimental,2,,vmd-928;vmd-928 tablet and pembrolizumab (,PD-1,,NTRK;PR,0,1,0,0,0,0,0,1,0,,metastatic · 2nd-line+
NCT03764553,"Liposomal iRInotecan, Carboplatin or oXaliplatin for Esophagogastric Cancer",PHASE2,Phase 2,ACTIVE_NOT_RECRUITING,320,Academisch Medisch Centrum - Universiteit van Amsterdam (AMC-UvA),Academisch Medisch Centrum - Universiteit van Amsterdam (AMC-UvA),19,0,1,multi_experimental,3,,capecitabine;carboplatin;fluorouracil;leucovorin;liposomal irinotecan;oxaliplatin,TOP1,Small Molecule,HER2,0,1,1,0,0,0,0,1,1,HER2+,metastatic · 2nd-line+ · adenoca. · measurable (RECIST)
NCT03917043,APG-2449 in Patients With Advanced Solid Tumors,PHASE1,Phase 1,RECRUITING,165,Ascentage Pharma Group Inc.,Ascentage Pharma,45,1,0,single_arm,1,apg-2449,apg-2449,ALK,Small Molecule,ALK;ROS1,0,1,0,0,0,0,0,0,0,,metastatic · small-cell · measurable (RECIST)
NCT03983954,"Naptumomab Estafenatox in Combination With Durvalumab in Subjects With Selected Advanced or Metastatic Solid Tumor, Including a Cohort Expansion in Esophageal Cancer.",PHASE1,Phase 1,ACTIVE_NOT_RECRUITING,120,NeoTX Therapeutics Ltd.,NeoTX Therapeutics,2,1,1,multi_experimental,11,naptumomab estafenatox and durvalumab,naptumomab estafenatox and durvalumab;obinutuzumab,5T4,Monoclonal Antibody,CD20;ER;HER2;PD-L1;biomarker;biomarker analysis,1,1,1,1,0,0,1,0,1,"HER2+, PD-L1+",metastatic · 1st-line · adenoca. · measurable (RECIST)
NCT04044859,ADP-A2M4CD8 as Monotherapy or in Combination With Either Nivolumab or Pembrolizumab in HLA-A2+ Subjects With MAGE-A4 Positive Tumors (SURPASS),PHASE1,Phase 1,ACTIVE_NOT_RECRUITING,120,"USWM CT, LLC",USWM CT,8,1,0,single_arm,1,autologous genetically modified adp-a2m4cd8 cells alone or in combination with nivolumab every four weeks or pembrolizumab every 6 weeks,autologous genetically modified adp-a2m4cd8 cells alone or in combination with nivolumab every four weeks or pembrolizumab every 6 weeks,MAGE-A4,Cell Therapy,HLA-A2;MAGE-A4,1,1,0,0,0,0,0,0,0,,metastatic · small-cell · measurable (RECIST)
NCT04140500,Dose Escalation Study of a PD1-LAG3 Bispecific Antibody in Patients With Advanced and/or Metastatic Solid Tumors,PHASE1;PHASE2,Phase 2,ACTIVE_NOT_RECRUITING,170,Hoffmann-La Roche,Roche/Genentech,922,1,1,multi_experimental,2,ro7247669,ro7247669,PD-1,Bispecific Antibody,ALK;BRAF;NTRK;PD-L1;ROS1,1,1,0,1,0,0,0,1,1,PD-L1+,metastatic · 2nd-line+ · squamous
NCT04140526,"Safety, PK and Efficacy of ONC-392 in Monotherapy and in Combination of Anti-PD-1 in Advanced Solid Tumors and NSCLC",PHASE1;PHASE2,Phase 2,ACTIVE_NOT_RECRUITING,733,"OncoC4, Inc.",OncoC4,10,1,0,multi_experimental,3,onc-392,docetaxel;onc-392;pembrolizumab,PD-1,Monoclonal Antibody,PD-L1,1,1,0,0,0,0,0,0,0,,metastatic · small-cell · measurable (RECIST)
NCT04229459,Trial of Nivolumab and Cetuximab After Chemoradiation in Esophageal Squamous Cell Carcinoma Patients.,PHASE2,Phase 2,ACTIVE_NOT_RECRUITING,12,Baruch Brenner,Baruch Brenner,2,0,1,single_arm,1,cetuximab;cisplatin;fluorouracil;nivolumab;radiation therapy,cetuximab;cisplatin;fluorouracil;nivolumab;radiation therapy,EGFR,Monoclonal Antibody,KRAS;PD-L1,1,1,0,1,0,0,0,0,1,PD-L1+,metastatic
NCT04389632,A Study of Sigvotatug Vedotin in Advanced Solid Tumors,PHASE1,Phase 1,RECRUITING,1006,"Seagen, a wholly owned subsidiary of Pfizer",Pfizer,687,1,1,multi_experimental,5,sigvotatug vedotin,carboplatin;cisplatin;pembrolizumab;sigvotatug vedotin,PD-1,Monoclonal Antibody,HER2;PD-L1,1,1,1,0,0,0,1,1,1,HER2−,metastatic · 1st-line · adenoca. · measurable (RECIST)
NCT04415853,Study of Larotinib in Unresectable Advanced or Recurrent Esophageal Cancer,PHASE3,Phase 3,RECRUITING,416,"Sunshine Lake Pharma Co., Ltd.",Sunshine Lake Pharma,15,1,0,active_comparator,2,irinotecan/tegafur,lerotinib,EGFR,Small Molecule,EGFR;biomarker;biomarker analysis,0,1,0,0,0,0,0,1,0,,metastatic · 2nd-line+ · squamous · measurable (RECIST)
NCT04430738,Tucatinib Plus Trastuzumab and Oxaliplatin-based Chemotherapy or Pembrolizumab-containing Combinations for HER2+ Gastrointestinal Cancers,PHASE2,Phase 2,ACTIVE_NOT_RECRUITING,40,"Seagen, a wholly owned subsidiary of Pfizer",Pfizer,687,1,1,multi_experimental,9,trastuzumab;tucatinib,capecitabine;fluorouracil;leucovorin;oxaliplatin;pembrolizumab;trastuzumab;tucatinib,HER2,Small Molecule,HER2;MET;PD-L1,0,1,1,1,0,0,0,0,1,"HER2+, PD-L1+",metastatic · adenoca. · measurable (RECIST)
NCT04543617,A Study of Atezolizumab With or Without Tiragolumab in Participants With Unresectable Esophageal Squamous Cell Carcinoma Whose Cancers Have Not Progressed Following Definitive Concurrent Chemoradiotherapy,PHASE3,Phase 3,COMPLETED,760,Hoffmann-La Roche,Roche/Genentech,922,1,1,placebo_comparator,3,atezolizumab matching placebo;tiragolumab matching placebo,atezolizumab;tiragolumab;tiragolumab matching placebo,TIGIT,Monoclonal Antibody,PD-L1,1,1,0,1,0,0,0,0,1,PD-L1+,metastatic · squamous
NCT04550260,Study of Durvalumab Versus Placebo in Combination With Definitive Chemoradiation Therapy in Patient With ESCC,PHASE3,Phase 3,ACTIVE_NOT_RECRUITING,640,AstraZeneca,AstraZeneca,780,1,1,placebo_comparator,2,cisplatin + capecitabine;cisplatin + fluorouracil;radiation,cisplatin + capecitabine;cisplatin + fluorouracil;durvalumab;radiation,PD-L1,Monoclonal Antibody,EGFR;PD-L1,1,1,0,1,0,0,0,0,1,PD-L1+,unresectable · adenoca. · measurable (RECIST) · ECOG 0
NCT04802876,Efficacy of Tislelizumab and Spartalizumab Across Multiple Cancer-types in Patients with PD1-high MRNA Expressing Tumors,PHASE2,Phase 2,ACTIVE_NOT_RECRUITING,184,SOLTI Breast Cancer Research Group,SOLTI Breast Cancer Research Group,18,0,1,multi_experimental,3,,spartalizumab;tislelizumab,PD-1,Monoclonal Antibody,BRAF,1,1,0,1,0,0,0,0,1,PD-L1+,metastatic · squamous · measurable (RECIST)
NCT04868877,"Phase 1/2 Study Evaluating MCLA-129, a Human Anti-EGFR, Anti-c-MET Bispecific Antibody, in Advanced NSCLC and Other Solid Tumors, Alone and in Combination",PHASE1;PHASE2,Phase 2,ACTIVE_NOT_RECRUITING,194,Merus B.V.,Merus,8,1,0,multi_experimental,7,mcla-129,mcla-129;osimertinib,EGFR,Bispecific Antibody,MET,1,1,0,0,0,0,1,0,0,,metastatic · 1st-line · measurable (RECIST)
NCT04900818,Study of TJ033721 (Givastomig) in Subjects With Advanced or Metastatic Solid Tumors,PHASE1,Phase 1,RECRUITING,330,I-Mab Biopharma US Limited,I-Mab Biopharma US,6,1,1,multi_experimental,4,tj033721 (givastomig),durvalumab;nivolumab;tj033721 (givastomig),,Bispecific Antibody,CLDN18.2;PD-L1,1,1,0,1,1,0,1,1,1,"PD-L1+, CLDN18.2+",metastatic · 1st-line · adenoca.
NCT04999761,AB122 Platform Study,PHASE1,Phase 1,RECRUITING,917,"Taiho Pharmaceutical Co., Ltd.",Taiho,86,1,0,multi_experimental,18,ab122,ab122;ab154;bevacizumab;carboplatin;cisplatin;fluorouracil;gemcitabine;nab-paclitaxel;ramucirumab;tas-115;tas-116;tas-120;trifluridine/tipiracil,PD-1,Monoclonal Antibody,KRAS;MET;PD-L1,1,1,0,1,0,0,1,1,1,PD-L1+,metastatic · 1st-line · adenoca.
NCT05022654,SI-B001 Combined With Irinotecan in the Treatment of Recurrent Metastatic Esophageal Squamous Cell Carcinoma.,PHASE2,Phase 2,ACTIVE_NOT_RECRUITING,22,"Sichuan Baili Pharmaceutical Co., Ltd.",Sichuan Baili Pharmaceutical,127,1,0,single_arm,1,irinotecan;si-b001,irinotecan;si-b001,PD-1,Bispecific Antibody,,1,1,0,0,0,0,1,0,0,,metastatic · 1st-line · squamous · measurable (RECIST) · ECOG 0
NCT05043688,Camrelizumab Plus Neoadjuvant Chemotherapy or Chemoradiotherapy Versus Chemoradiotherapy in Resectable ESCC.,PHASE3,Phase 3,ACTIVE_NOT_RECRUITING,426,Zhigang Li,Zhigang Li,2,0,0,active_comparator,3,radiotherapy,camrelizumab;radiotherapy,PD-1,Monoclonal Antibody,PD-L1,1,1,0,0,0,0,0,0,0,,metastatic · squamous · ECOG 0-1
NCT05048368,Pharmacokinetics Study of Larotinib in Subjects With Impaired Hepatic Function,PHASE1,Phase 1,NOT_YET_RECRUITING,32,"Sunshine Lake Pharma Co., Ltd.",Sunshine Lake Pharma,15,1,0,multi_experimental,4,larotinib,larotinib,EGFR,Small Molecule,EGFR,0,1,0,0,0,0,0,0,0,,advanced
NCT05055648,PROton Versus Photon Therapy for Esophageal Cancer - a Trimodality Strategy,PHASE3,Phase 3,RECRUITING,396,University of Aarhus,University of Aarhus,15,0,0,active_comparator,2,photon radiotherapy,proton radiotherapy,,,,0,1,0,0,0,0,0,0,0,,adenoca.
NCT05075993,Study of LVGN3616 and LVGN6051±LVGN7409 in Combination With Nab-Paclitaxel or Bevacizumab and Cyclophosphamide in Metastatic Solid Tumors,PHASE1,Phase 1,ACTIVE_NOT_RECRUITING,352,M.D. Anderson Cancer Center,M.D. Anderson Cancer Center,697,0,0,multi_experimental,4,lvgn3616 + lvgn6051 + bevacizumab + cyclophosphamide;lvgn3616 + lvgn6051 + lvgn7409 + bevacizumab + cyclophosphamide;lvgn3616 + lvgn6051 + lvgn7409 + nab-paclitaxel;lvgn3616 + lvgn6051 + nab-paclitaxel,lvgn3616 + lvgn6051 + bevacizumab + cyclophosphamide;lvgn3616 + lvgn6051 + lvgn7409 + bevacizumab + cyclophosphamide;lvgn3616 + lvgn6051 + lvgn7409 + nab-paclitaxel;lvgn3616 + lvgn6051 + nab-paclitaxel,,,PD-L1;molecular profiling,0,1,0,1,0,0,0,1,1,PD-L1+,metastatic · 2nd-line+ · measurable (RECIST)
NCT05086692,A Beta-only IL-2 ImmunoTherapY Study,PHASE1;PHASE2,Phase 2,RECRUITING,115,"Medicenna Therapeutics, Inc.",Medicenna Therapeutics,2,1,1,single_arm,1,mdna11;pembrolizumab (keytruda),mdna11;pembrolizumab (keytruda),IL-2,Cell Therapy,MSI-H,1,1,0,0,0,0,0,1,0,,metastatic · 2nd-line+ · measurable (RECIST)
NCT05144698,RAPA-201 Therapy of Solid Tumors,PHASE1;PHASE2,Phase 2,RECRUITING,37,Rapa Therapeutics LLC,Rapa Therapeutics,3,1,0,single_arm,1,chemotherapy prior to rapa-201 therapy;pembrolizumab (pd-1 blocking antibody);rapa-201 rapamycin resistant t cells,chemotherapy prior to rapa-201 therapy;pembrolizumab (pd-1 blocking antibody);rapa-201 rapamycin resistant t cells,PD-1,Cell Therapy,ALK;BRAF;EGFR;PD-(L)1;PR,1,1,0,0,0,0,0,1,0,,metastatic · 2nd-line+ · squamous · measurable (RECIST)
NCT05152147,A Study of Zanidatamab in Combination With Chemotherapy Plus or Minus Tislelizumab in Patients With HER2-positive Advanced or Metastatic Gastric and Esophageal Cancers,PHASE3,Phase 3,ACTIVE_NOT_RECRUITING,920,Jazz Pharmaceuticals,Jazz Pharmaceuticals,59,1,0,active_comparator,3,capecitabine;cisplatin;fluorouracil;oxaliplatin;trastuzumab,capecitabine;cisplatin;fluorouracil;oxaliplatin;tislelizumab;zanidatamab,HER2,Bispecific Antibody,HER2;PD-L1,1,1,1,1,0,0,0,0,1,"HER2+, PD-L1+",metastatic · adenoca. · measurable (RECIST)
NCT05173246,JS001 Combined With TP as First-line Treatment for Unresectable or Advanced Small Cell Esophageal Carcinoma,PHASE2,Phase 2,RECRUITING,43,Sun Yat-sen University,Sun Yat-sen University,73,0,0,single_arm,1,carboplatin;cisplatin;js001;nab-paclitaxel,carboplatin;cisplatin;js001;nab-paclitaxel,PD-1,Monoclonal Antibody,PD-L1,1,1,0,1,0,0,0,0,1,PD-L1+,metastatic · small-cell · measurable (RECIST) · ECOG 0-1
NCT05177133,Anti-PD-1 and CapOx for the First-line Treatment of dMMR Esophagogastric Cancer (AuspiCiOus),PHASE2,Phase 2,RECRUITING,25,Academisch Medisch Centrum - Universiteit van Amsterdam (AMC-UvA),Academisch Medisch Centrum - Universiteit van Amsterdam (AMC-UvA),19,0,0,single_arm,1,capecitabine;oxaliplatin;retifanlimab,capecitabine;oxaliplatin;retifanlimab,PD-1,Monoclonal Antibody,HER2;MMR;PD-L1;dMMR,1,1,1,0,0,1,0,1,1,"HER2+, MSI-H/dMMR",metastatic · 2nd-line+ · adenoca. · measurable (RECIST)
NCT05187182,CA-4948 in Combination With FOLFOX/PD-1 Inhibitor +/- Trastuzumab for Untreated Unresectable Gastric and Esophageal Cancer,PHASE1,Phase 1,RECRUITING,42,Washington University School of Medicine,Washington University School of Medicine,178,0,0,multi_experimental,3,ca-4948;mfolfox7,ca-4948;mfolfox7;nivolumab;pembrolizumab;trastuzumab,IRAK-4,Small Molecule,HER2,0,1,1,0,0,0,0,0,1,HER2+,metastatic · adenoca. · measurable (RECIST)
NCT05208762,A Study of PF-08046054/SGN-PDL1V in Advanced Solid Tumors,PHASE1,Phase 1,RECRUITING,714,"Seagen, a wholly owned subsidiary of Pfizer",Pfizer,687,1,1,multi_experimental,2,pf-08046054,pembrolizumab;pf-08046054,PD-L1,Monoclonal Antibody,MET;PD-L1,1,1,0,1,0,0,0,1,1,PD-L1+,metastatic · 2nd-line+ · squamous · measurable (RECIST)
NCT05215574,Study of NGM831 as Monotherapy and in Combination With Pembrolizumab or Pembrolizumab and NGM438 in Advanced or Metastatic Solid Tumors,PHASE1,Phase 1,ACTIVE_NOT_RECRUITING,130,"NGM Biopharmaceuticals, Inc",NGM Biopharmaceuticals,6,1,1,multi_experimental,3,,ngm831;ngm831 and ngm438 plus pembrolizumab (keytruda);ngm831 plus pembrolizumab (keytruda),ILT3,Monoclonal Antibody,,1,1,0,0,0,0,0,0,0,,metastatic
NCT05244798,Sintilimab Plus NCT or NCRT Versus NCRT for ESCC,PHASE3,Phase 3,NOT_YET_RECRUITING,420,Sichuan Cancer Hospital and Research Institute,Sichuan Cancer Hospital and Research Institute,7,0,0,multi_experimental,3,sintilimab,radiotherapy;sintilimab,PD-1,Monoclonal Antibody,MET;PD-L1,1,1,0,0,0,0,0,0,0,,metastatic · squamous · measurable (RECIST) · ECOG 0
NCT05252078,Anlotinib Hydrochloride Capsules Combined With TQB2450 Injection in Esophageal Squamous Cell Carcinoma Patients,PHASE2,Phase 2,RECRUITING,30,Jiangxi Provincial Cancer Hospital,Jiangxi Provincial Cancer Hospital,1,0,0,single_arm,1,anlotinib hydrochloride;tqb2450,anlotinib hydrochloride;tqb2450,PD-L1,Monoclonal Antibody,MET;PD-L1,1,1,0,1,0,0,0,0,1,PD-L1+,metastatic · squamous
NCT05307835,Neoantigen Vaccine in Esophagus Cancer Patients Following Neoadjuvant Therapy and Surgical Resection,PHASE1,Phase 1,ACTIVE_NOT_RECRUITING,27,"Second Affiliated Hospital, Zhejiang University, School of Medicine","Second Affiliated Hospital, Zhejiang University, School of Medicine",12,0,0,single_arm,1,gm-csf;ineo-vac-p01,gm-csf;ineo-vac-p01,,Peptide,,0,1,0,0,0,0,0,0,0,,neoadjuvant · ECOG 0
NCT05319730,A Study to Evaluate Investigational Agents With or Without Pembrolizumab (MK-3475) in Participants With Advanced Esophageal Cancer Previously Exposed to Programmed Cell Death 1 Protein (PD-1)/ Programmed Cell Death Ligand 1 (PD-L1) Treatment (MK-3475-06B),PHASE1;PHASE2,Phase 2,RECRUITING,230,Merck Sharp & Dohme LLC,Merck (MSD),649,1,1,active_comparator,5,irinotecan;paclitaxel,acetaminophen (or equivalent);antihistamine;dexamethasone (or equivalent);h2 receptor antagonist;irinotecan;lenvatinib;mk-4830;paclitaxel;pembrolizumab;sacituzumab tirumotecan;steroid mouthwash (dexamethasone or equivalent);supportive care measures,PD-1,Monoclonal Antibody,PD-L1,1,1,0,1,0,0,0,0,1,PD-L1+,metastatic · squamous
NCT05438420,Oral Axl/Mer/CSF1R Selective Tyrosine Kinase Inhibitor Q702 in Combination With Pembrolizumab in Patients With Selected Advanced Solid Tumors,PHASE1;PHASE2,Phase 2,ACTIVE_NOT_RECRUITING,120,"Qurient Co., Ltd.",Qurient,3,1,1,multi_experimental,2,pembrolizumab;q702,pembrolizumab;q702,PD-1,Small Molecule,PD-L1,0,1,0,1,0,0,0,0,1,PD-L1+,metastatic · measurable (RECIST)
NCT05473156,"A Study to Investigate the Safety, Pharmacokinetics, and Clinical Activity of AP203 in Patients with Locally Advanced or Metastatic Solid Tumors, and Expansion to Selected Malignancies",PHASE1;PHASE2,Phase 2,RECRUITING,168,AP Biosciences Inc.,AP Biosciences,4,1,0,multi_experimental,4,ap203,ap203,,,ALK;BRAF;MET;NTRK;PD-L1;RET;ROS1;genomic,0,1,0,1,0,0,0,1,1,PD-L1+,metastatic · 2nd-line+ · squamous · measurable (RECIST)
NCT05476796,"Oxaliplatin ± Nivolumab in Combination With Trifluridine/Tipiracil or 5-fluorouracile in Frail Patients With Advanced, Recurrent or Metastatic Gastric, Oesophageal or Gastroesophageal Junction Cancer",PHASE2,Phase 2,ACTIVE_NOT_RECRUITING,118,UNICANCER,UNICANCER,64,0,1,active_comparator,2,FOLFOX;nivolumab,nivolumab;oxaliplatin;trifluridine/tipiracil,PD-1,Monoclonal Antibody,CD30;HER2;MMR;MSI;PD-L1;dMMR,1,1,1,1,0,1,0,0,1,"HER2+, PD-L1+, MSI-H/dMMR",metastatic · adenoca. · measurable (RECIST) · ECOG 2
NCT05480384,Adjuvant Trastuzumab Deruxtecan (Enhertu) & Nivolumab For Patients Who Are Disease Free After Completion of Trimodality Treatment For HER-2+ Cancers of Esophagus & Gastroesophageal Junction,PHASE2,Phase 2,ACTIVE_NOT_RECRUITING,1,Brown University,Brown University,22,0,1,multi_experimental,3,nivolumab;trastuzumab deruxtecan,nivolumab;trastuzumab deruxtecan,PD-1,Monoclonal Antibody,CD30;HER2,1,1,1,0,0,0,0,0,1,HER2+,adenoca.
NCT05507411,Watch and Wait for NeoAdjuvant Concurrent Radiochemotherapy Combined With Camrelizumab in Patients With Resectable ESCC,PHASE2,Phase 2,RECRUITING,100,Zhejiang Cancer Hospital,Zhejiang Cancer Hospital,12,0,0,multi_experimental,3,immunotherapy;neoadjuvant;neoadjuvant radiotherapy,,PD-1,,PD-L1,0,1,0,1,0,0,0,0,1,PD-L1+,metastatic · squamous · measurable (RECIST)
NCT05539430,"Claudin 18.2-Targeted Chimeric Antigen Receptor T-cells in Subjects With Unresectable, Locally Advanced, or Metastatic Gastric, Gastroesophageal Junction (GEJ), Esophageal, or Pancreatic Adenocarcinoma",PHASE1,Phase 1,ACTIVE_NOT_RECRUITING,56,Legend Biotech USA Inc,Johnson & Johnson,363,1,0,single_arm,1,lb1908,lb1908,CLDN18.2,CAR-T,CLDN18.2;HER2;PR,1,1,1,0,1,0,1,1,1,"HER2+, CLDN18.2+",metastatic · 1st-line · adenoca. · measurable (RECIST)
NCT05565417,Study of the Monoclonal Antibody IMT-009 in Patients With Advanced Solid Tumors or Lymphomas,PHASE1;PHASE2,Phase 2,ACTIVE_NOT_RECRUITING,67,Immunitas Therapeutics,Immunitas Therapeutics,1,1,0,multi_experimental,3,imt-009,fruquintinib;imt-009,CD161,Monoclonal Antibody,ALK;BRAF;CD161;CLEC2D;CXCL13;HER2;KRAS;MET;MSI;MSI-H;PD-L1;RET;biomarker;dMMR,1,1,1,1,0,1,1,1,1,"HER2+, PD-L1+, MSI-H/dMMR",metastatic · 1st-line · squamous · measurable (RECIST)
NCT05581004,"A Study to Evaluate the Safety, Pharmacokinetics, and Activity of Enzelkitug as a Single Agent and in Combination With Checkpoint Inhibitor in Participants With Locally Advanced or Metastatic Solid Tumors",PHASE1,Phase 1,ACTIVE_NOT_RECRUITING,165,"Genentech, Inc.",Roche/Genentech,922,1,1,multi_experimental,4,enzelkitug,atezolizumab;enzelkitug;pembrolizumab,PD-L1,Monoclonal Antibody,CMMRD;MSI-H;TMB,1,1,0,0,0,0,0,0,0,,metastatic · measurable (RECIST)
NCT05667298,Organ-Preserving Endoscopic Resection & Adjuvant RADIO-immuno-chemotherapy for Esophageal Cancer,PHASE1,Phase 1,ACTIVE_NOT_RECRUITING,11,University of Manitoba,University of Manitoba,2,0,1,multi_experimental,2,,adjuvant chemoradiotherapy;adjuvant immunoradiotherapy (arm1) and adjuvant immunotherapy (arm1b),,Monoclonal Antibody,PD-L1,1,1,0,1,0,0,0,0,1,PD-L1+,metastatic · adenoca.
NCT05713955,OBSiDiAN in a Stapled Circular Esophagogastric Anastomosis After Ivor Lewis Esophagectomy,PHASE2,Phase 2,NOT_YET_RECRUITING,90,"University Hospital, Ghent","University Hospital, Ghent",11,0,0,single_arm,1,device: obsidian,device: obsidian,,,,0,1,0,0,0,0,0,0,0,,metastatic
NCT05799274,Safety of RAD301 in Healthy Human Volunteers and Patients With Pancreatic Cancer or Other Solid Tumors,PHASE1,Phase 1,ACTIVE_NOT_RECRUITING,9,"Radiopharm Theranostics, Ltd",Radiopharm Theranostics,7,1,0,single_arm,1,rad301 ([68ga]-rad301),rad301 ([68ga]-rad301),,Radiopharmaceutical,PR,0,1,0,0,0,0,0,0,0,,metastatic · squamous
NCT05858736,"Safety, PK and Efficacy of AI-061 in Advanced Solid Tumors",PHASE1,Phase 1,COMPLETED,18,"OncoC4, Inc.",OncoC4,10,1,0,multi_experimental,3,ai-061,ai-061,PD-1,Bispecific Antibody,PD-L1,1,1,0,0,0,0,0,0,0,,metastatic · measurable (RECIST)
NCT05891171,Study of AB598 Monotherapy and Combination Therapy in Participants With Advanced Cancers,PHASE1,Phase 1,ACTIVE_NOT_RECRUITING,40,"Arcus Biosciences, Inc.",Arcus Biosciences,21,1,0,multi_experimental,8,ab598,ab598;fluorouracil;leucovorin;oxaliplatin;zimberelimab,CD39,Monoclonal Antibody,HER2,1,1,1,0,0,0,0,0,1,HER2−,metastatic · adenoca. · measurable (RECIST)
NCT05910827,"A Phase Ib/II Study of an Anti-HER3 Antibody, HMBD-001, With Cetuximab +/- Docetaxel in Advanced Squamous Cell Cancers",PHASE1;PHASE2,Phase 2,RECRUITING,398,Hummingbird Bioscience,Hummingbird Bioscience,4,1,1,multi_experimental,3,hmbd-001,cetuximab;docetaxel;hmbd-001,HER3,Monoclonal Antibody,ALK;BRAF;HER3;KRAS;MET;RET,1,1,0,0,0,0,0,0,0,,metastatic · squamous · ECOG 0-1
NCT05944237,HTL0039732 in Participants With Advanced Solid Tumours,PHASE1;PHASE2,Phase 2,RECRUITING,150,Cancer Research UK,Cancer Research UK,16,0,0,multi_experimental,3,,htl0039732 capsules;htl0039732 capsules and atezolizumab infusion,PD-L1,,HER2;PD-L1;genomic,0,1,1,1,0,0,0,1,1,"HER2+, PD-L1+",metastatic · 2nd-line+ · adenoca. · measurable (RECIST)
NCT05945823,Phase 2 Futibatinib in Combination With PD-1 Antibody Based Standard of Care in Solid Tumors,PHASE2,Phase 2,ACTIVE_NOT_RECRUITING,53,"Taiho Oncology, Inc.",Taiho,86,1,0,multi_experimental,2,fluorouracil;futibatinib;leucovorin;oxaliplatin;pembrolizumab,cisplatin;fluorouracil;futibatinib;irinotecan;leucovorin;oxaliplatin;pembrolizumab,FGFR2,Small Molecule,FGFR2;PD-L1,0,1,0,1,0,0,0,0,1,PD-L1+,metastatic · adenoca. · measurable (RECIST)
NCT05983432,Evaluate BL-B01D1 in Patients With Metastatic or Unresectable Non-Small Cell Lung Cancer (NSCLC) and Other Solid Tumors,PHASE1,Phase 1,RECRUITING,470,SystImmune Inc.,SystImmune,7,1,0,multi_experimental,2,bl-b01d1,bl-b01d1,EGFR/HER3,ADC,ALK;EGFR;HER2;MET;PD-L1;ROS1;genomic,1,1,1,1,1,0,0,1,1,"HER2+, PD-L1+, CLDN18.2+",metastatic · 2nd-line+ · adenoca. · measurable (RECIST) · ECOG 0-1
NCT06005493,Study of AZD5863 in Adult Participants With Advanced or Metastatic Solid Tumors,PHASE1;PHASE2,Phase 2,RECRUITING,280,AstraZeneca,AstraZeneca,780,1,1,multi_experimental,2,azd5863,azd5863,CLDN18.2,Bispecific Antibody,CLDN18.2,1,1,0,0,1,0,0,0,1,CLDN18.2+,metastatic · adenoca. · measurable (RECIST) · ECOG 0-1
NCT06008054,"A Study of SI-B003, BL-B01D1+SI-B003 and BL-B01D1+PD-1 Monoclonal Antibody in Patients With Locally Advanced or Metastatic Esophageal Cancer, Gastric Cancer, Colorectal Cancer and Other Gastrointestinal Tumors",PHASE2,Phase 2,RECRUITING,376,"Sichuan Baili Pharmaceutical Co., Ltd.",Sichuan Baili Pharmaceutical,127,1,0,single_arm,1,bl-b01d1;pd-1 monoclonal antibody;si-b003,bl-b01d1;pd-1 monoclonal antibody;si-b003,PD-1,Bispecific Antibody,,1,1,0,0,0,0,0,1,0,,metastatic · 2nd-line+ · measurable (RECIST) · ECOG 0
NCT06010862,Clinical Study of CEA-targeted CAR-T Therapy for CEA-positive Advanced/Metastatic Malignant Solid Tumors,PHASE1,Phase 1,RECRUITING,36,"Chongqing Precision Biotech Co., Ltd",Chongqing Precision Biotech,41,1,0,multi_experimental,2,cea car-t cells,cea car-t cells,CEA,CAR-T,CEA,1,1,0,0,0,0,0,1,0,,metastatic · 2nd-line+ · measurable (RECIST) · ECOG 0
NCT06022861,A Study to Compare the Efficacy and Safety of LY01015 and Opdivo® Combined Respectively With Chemotherapy in Advanced or Metastatic Esophageal Squamous Cell Carcinoma,PHASE3,Phase 3,RECRUITING,510,"Shandong Boan Biotechnology Co., Ltd",Shandong Boan Biotechnology,6,1,0,active_comparator,2,cisplatin;fluorouracil;nivolumab,cisplatin;fluorouracil;ly01015,PD-1,Monoclonal Antibody,PD-L1,1,1,0,1,0,0,0,0,1,PD-L1+,metastatic · squamous · measurable (RECIST)
NCT06043466,A Clinical Trial Targeting CEA Chimeric Antigen Receptor T (CAR-T) for CEA Positive Advanced Malignant Solid Tumors,PHASE1,Phase 1,RECRUITING,30,"Chongqing Precision Biotech Co., Ltd",Chongqing Precision Biotech,41,1,0,single_arm,1,cea-targeted car-t cells,cea-targeted car-t cells,CEA,CAR-T,ALK;BRAF;CEA;MET;NTRK;PD-L1;RET;ROS1,1,1,0,1,0,0,1,1,1,PD-L1+,metastatic · 1st-line · squamous · measurable (RECIST) · ECOG 0
NCT06047379,"Safety and Efficacy of NEO212 in Patients With Astrocytoma IDH-mutant, Glioblastoma IDH-wildtype or Brain Metastasis",PHASE1;PHASE2,Phase 2,RECRUITING,134,"Neonc Technologies, Inc.",Neonc Technologies,4,1,0,multi_experimental,8,neo212 oral capsule,bevacizumab;carboplatin;folfiri protocol;ipilimumab;neo212 oral capsule;nivolumab;paclitaxel;pembrolizumab;regorafenib,,Small Molecule,,0,1,0,0,0,0,0,0,0,,metastatic · squamous · measurable (RECIST)
NCT06084481,Study to Assess Adverse Events and Change in Disease Activity in Adult Participants With Select Advanced Solid Tumor Indications Receiving Intravenous (IV) ABBV-400,PHASE1,Phase 1,RECRUITING,325,AbbVie,AbbVie,274,1,1,multi_experimental,10,abbv-400,abbv-400;bevacizumab;itraconazole (itz),HER2,,HER2,0,1,1,0,0,0,0,0,1,HER2+,metastatic · adenoca. · measurable (RECIST)
NCT06123338,A Study of Pembrolizumab With Trastuzumab and Chemotherapy in People With Esophagogastric Cancer,PHASE2,Phase 2,RECRUITING,49,Memorial Sloan Kettering Cancer Center,Memorial Sloan Kettering Cancer Center,411,0,1,single_arm,1,capecitabine;docetaxel;fluorouracil;nutrition questionnaires (optional);oxaliplatin;pembrolizumab;stool and saliva samples (optional);trastuzumab,capecitabine;docetaxel;fluorouracil;nutrition questionnaires (optional);oxaliplatin;pembrolizumab;stool and saliva samples (optional);trastuzumab,PD-1,Monoclonal Antibody,HER2;PD-L1,1,1,1,1,0,0,0,0,1,"HER2+, PD-L1+",metastatic · adenoca.
NCT06126406,Clinical Study of CEA Targeting Chimeric Antigen Receptor T Lymphocytes（CAR-T） for CEA Positive Advanced Malignant Solid Tumors,PHASE1,Phase 1,RECRUITING,60,"Chongqing Precision Biotech Co., Ltd",Chongqing Precision Biotech,41,1,0,multi_experimental,2,cea-targeted car-t cells,cea-targeted car-t cells,CEA,CAR-T,CEA,1,1,0,0,0,0,0,1,0,,metastatic · 2nd-line+ · measurable (RECIST) · ECOG 0
NCT06136988,A Study of Docetaxel for Injection (Albumin-bound) and SG001 in Combination With Cisplatin and Simultaneous Radiotherapy for Locally Advanced Unresectable Esophageal Squamous Carcinoma.,PHASE1;PHASE2,Phase 2,NOT_YET_RECRUITING,129,"CSPC ZhongQi Pharmaceutical Technology Co., Ltd.",CSPC ZhongQi Pharmaceutical Technology,92,1,0,active_comparator,2,cisplatin for injection;paclitaxel;simultaneous radiotherapy,cisplatin for injection;docetaxel for injection (albumin-bound);sg001;simultaneous radiotherapy,PD-1,Monoclonal Antibody,Epstein-Barr virus;MSI-H;PD-L1;dMMR,1,1,0,1,0,0,0,0,1,PD-L1+,metastatic · squamous · measurable (RECIST) · ECOG 0-1
NCT06152978,A Perioperative Sintilimab and Chemotherapy in Esophageal Squamous Cell Carcinoma,PHASE2,Phase 2,NOT_YET_RECRUITING,182,Fudan University,Fudan University,29,0,0,active_comparator,2,,sintilimab,PD-1,Monoclonal Antibody,PD-L1;biomarker,1,0,0,0,0,0,0,0,0,,metastatic · squamous
NCT06172478,A Study of HER3-DXd in Subjects With Locally Advanced or Metastatic Solid Tumors,PHASE2,Phase 2,RECRUITING,740,Daiichi Sankyo,Daiichi Sankyo,178,1,1,single_arm,1,her3-dxd,her3-dxd,HER3,ADC,ALK;BRAF;CLDN18.2;ER;HER2;HER3;KRAS;MET;MMR;MSI;NTRK;PD-L1;RET;ROS1;genomic,1,1,1,1,1,0,1,1,1,"HER2+, PD-L1+, CLDN18.2+",metastatic · 1st-line · adenoca. · measurable (RECIST) · ECOG 0
NCT06194734,A Study of KC1036 Versus Investigator's Choice of Chemotherapy in Patients With Advanced Esophageal Cancer,PHASE3,Phase 3,RECRUITING,490,"Beijing Konruns Pharmaceutical Co., Ltd.",Beijing Konruns Pharmaceutical,10,1,0,active_comparator,2,docetaxel;irinotecan;s-1,kc1036,AXL,Small Molecule,PD-L1,0,1,0,1,0,0,0,1,1,PD-L1+,metastatic · 2nd-line+ · squamous · measurable (RECIST)
NCT06238479,"A Study of LY4101174 in Participants With Recurrent, Advanced or Metastatic Solid Tumors",PHASE1,Phase 1,ACTIVE_NOT_RECRUITING,490,Eli Lilly and Company,Eli Lilly,535,1,1,multi_experimental,3,ly4101174,ly4101174,NECTIN4,ADC,NECTIN-4,1,1,0,0,0,0,0,0,0,,metastatic · squamous · measurable (RECIST)
NCT06239194,Dose Escalation and Dose Expansion Study of MDX2001 in Patients With Advanced Solid Tumors,PHASE1;PHASE2,Phase 2,RECRUITING,285,"ModeX Therapeutics, An OPKO Health Company","ModeX Therapeutics, An OPKO Health",3,1,0,multi_experimental,4,mdx2001,mdx2001,CD3,Bispecific Antibody,MET;TROP2,1,1,0,0,0,0,0,0,0,,metastatic · measurable (RECIST)
NCT06242470,A Study of MGC026 in Participants With Advanced Solid Tumors,PHASE1,Phase 1,RECRUITING,250,MacroGenics,MacroGenics,29,1,0,multi_experimental,12,,mgc026 dose escalation;mgc026 dose for expansion,,,,0,1,0,0,0,0,0,0,0,,metastatic · squamous · measurable (RECIST)
NCT06266299,A Study of KK2269 in Adult Participants With Solid Tumors,PHASE1,Phase 1,RECRUITING,101,"Kyowa Kirin Co., Ltd.",Kyowa Kirin,63,1,0,multi_experimental,2,kk2269,docetaxel;kk2269,CD40,Bispecific Antibody,EPCAM,1,1,0,0,0,0,0,0,0,,metastatic · adenoca. · measurable (RECIST) · ECOG 0
NCT06293898,Open Label Study to Evaluate BL-M07D1 in HER2 Expressing Malignant Solid Tumors,PHASE1,Phase 1,RECRUITING,280,SystImmune Inc.,SystImmune,7,1,0,multi_experimental,3,bl-m07d1,bl-m07d1,HER2,ADC,HER2;MET;PD-L1,1,1,1,1,0,0,0,1,1,"HER2+, PD-L1+",metastatic · 2nd-line+ · squamous · measurable (RECIST) · ECOG 0-1
NCT06298916,64Cu-LNTH-1363S in Patients With Sarcoma or Gastrointestinal Tract Cancer,PHASE1;PHASE2,Phase 2,RECRUITING,26,Lantheus Medical Imaging,Lantheus Medical Imaging,4,1,0,multi_experimental,2,64cu-lnth-1363s,64cu-lnth-1363s,FAP,Radiopharmaceutical,FAP,0,1,0,0,0,0,0,0,0,,metastatic
NCT06304974,A Study Comparing BL-B01D1 With Chemotherapy of Physician's Choice in Patients With Recurrent or Metastatic Esophageal Squamous Cell Carcinoma(PANKU-Esophagus01),PHASE3,Phase 3,ACTIVE_NOT_RECRUITING,497,"Sichuan Baili Pharmaceutical Co., Ltd.",Sichuan Baili Pharmaceutical,127,1,0,multi_experimental,2,,bl-b01d1;docetaxel;irinotecan;paclitaxel,PD-1,ADC,PD-L1,1,1,0,0,0,0,0,0,0,,metastatic · squamous · measurable (RECIST) · ECOG 0
NCT06324357,Beamion BCGC-1: A Study to Find a Suitable Dose of Zongertinib Used Alone and in Combination With Other Treatments to Test Whether it Helps People With Different Types of HER2+ Cancer That Has Spread,PHASE1;PHASE2,Phase 2,RECRUITING,768,Boehringer Ingelheim,Boehringer Ingelheim,237,1,1,multi_experimental,18,zongertinib,FOLFOX;capecitabine;trastuzumab;trastuzumab deruxtecan;trastuzumab emtansine;zanidatamab;zongertinib,HER2,Small Molecule,HER2,0,1,1,0,0,0,0,0,1,HER2+,metastatic · adenoca. · measurable (RECIST) · ECOG 0
NCT06329869,Sacituzumab Govitecan for Advanced Esophageal Squamous Cell Carcinoma,PHASE2,Phase 2,RECRUITING,35,National Taiwan University Hospital,National Taiwan University Hospital,22,0,1,single_arm,1,sacituzumab govitecan,sacituzumab govitecan,TROP2,ADC,PD-L1;TROP2,1,1,0,1,0,0,0,0,1,PD-L1+,metastatic · adenoca. · measurable (RECIST)
NCT06380816,A Phase I/II Trial of UCB4594 in Participants With Advanced Cancer,PHASE1;PHASE2,Phase 2,RECRUITING,167,Cancer Research UK,Cancer Research UK,16,0,0,multi_experimental,2,ucb4594,ucb4594,,,,0,1,0,0,0,0,0,1,0,,metastatic · 2nd-line+ · squamous · measurable (RECIST)
NCT06445972,Substudy 06D: Combination Therapies in Second Line (2L) Gastroesophageal Adenocarcinoma (MK-3475-06D/Keymaker-U06),PHASE1;PHASE2,Phase 2,RECRUITING,210,Merck Sharp & Dohme LLC,Merck (MSD),649,1,1,active_comparator,3,paclitaxel;ramucirumab,her3-dxd;paclitaxel;ramucirumab;rescue medications;sacituzumab tirumotecan,VEGF/VEGFR,Monoclonal Antibody,BRAF;HER2;KRAS;MSI-H;TROP2,1,1,1,0,0,0,1,1,1,HER2+,metastatic · 1st-line · adenoca.
NCT06465069,A Study of LY4052031 in Participants With Advanced or Metastatic Urothelial Cancer or Other Solid Tumors,PHASE1,Phase 1,RECRUITING,420,Eli Lilly and Company,Eli Lilly,535,1,1,multi_experimental,3,ly4052031,ly4052031,NECTIN4,ADC,NECTIN-4,1,1,0,0,0,0,0,0,0,,metastatic · squamous · measurable (RECIST)
NCT06469944,Substudy 06C: A Study of Investigational Agents With Pembrolizumab (MK-3475) and Chemotherapy in Participants With First-Line Locally Advanced Unresectable/Metastatic Gastroesophageal Adenocarcinoma (MK-3475-06C/KEYMAKER-U06),PHASE1;PHASE2,Phase 2,RECRUITING,160,Merck Sharp & Dohme LLC,Merck (MSD),649,1,1,active_comparator,3,5-fluorouracil (5-fu);capecitabine;leucovorin;oxaliplatin;pembrolizumab,5-fluorouracil (5-fu);capecitabine;leucovorin;patritumab deruxtecan;pembrolizumab;sacituzumab tirumotecan (sac-tmt),PD-1,Monoclonal Antibody,HER2;PD-L1;TROP2,1,1,1,1,0,0,1,0,1,"HER2+, PD-L1+",metastatic · 1st-line · adenoca. · measurable (RECIST)
NCT06474468,A Trial of SHR-A2102 With Adebrelimab With or Without Other Antitumor Therapy in Advanced or Metastatic Esophageal Cancer,PHASE1;PHASE2,Phase 2,RECRUITING,148,"Shanghai Hengrui Pharmaceutical Co., Ltd.",Hengrui,312,1,0,single_arm,1,shr-a2102；adebrelimab；cisplatin,shr-a2102；adebrelimab；cisplatin,PD-1,Monoclonal Antibody,PD-L1,1,1,0,0,0,0,0,0,0,,metastatic · squamous · measurable (RECIST) · ECOG 0
NCT06500052,A Study of BL-M17D1 in Patients With Locally Advanced or Metastatic HER2 Positive/Lower Expression Gastrointestinal Cancer and Other Solid Tumors,PHASE1,Phase 1,RECRUITING,20,"Sichuan Baili Pharmaceutical Co., Ltd.",Sichuan Baili Pharmaceutical,127,1,0,single_arm,1,bl-m17d1,bl-m17d1,HER2,ADC,HER2,1,1,1,0,0,0,0,0,1,HER2+,metastatic · measurable (RECIST) · ECOG 0
NCT06535607,Study of Volrustomig as Monotherapy or in Combination With Anti- Cancer Agents in Participants With Advanced/Metastatic Solid Tumors,PHASE2,Phase 2,RECRUITING,257,AstraZeneca,AstraZeneca,780,1,1,multi_experimental,8,volrustomig,carboplatin;cisplatin;fluorouracil;paclitaxel;volrustomig,PD-1,Monoclonal Antibody,PD-L1,1,1,0,1,0,0,0,0,1,PD-L1+,metastatic · measurable (RECIST)
NCT06545331,Study of XB010 in Subjects With Solid Tumors,PHASE1,Phase 1,RECRUITING,396,Exelixis,Exelixis,52,1,0,multi_experimental,3,xb010,pembrolizumab;xb010,PD-1,,,0,1,0,0,0,0,0,0,0,,metastatic · squamous
NCT06644781,A Study of Ifinatamab Deruxtecan in Subjects With Pretreated Advanced or Metastatic Esophageal Squamous Cell Carcinoma (ESCC) (IDeate-Esophageal01),PHASE3,Phase 3,RECRUITING,510,Daiichi Sankyo,Daiichi Sankyo,178,1,1,active_comparator,2,docetaxel;irinotecan hydrochloride (hcl);paclitaxel,ifinatamab deruxtecan,B7-H3,ADC,,1,1,0,0,0,0,0,0,0,,metastatic · squamous · measurable (RECIST) · ECOG 0
NCT06645808,PET-imaging of Two Vartumabs in Patients With Solid Tumors,EARLY_PHASE1,Phase 1,RECRUITING,32,Var2 Pharmaceuticals,Var2 Pharmaceuticals,1,1,0,multi_experimental,2,pet/ct scan,89zr-dfo-n-suc-c9scfv;89zr-dfo-n-suc-f8scfv;pet/ct scan,oncofetal chondroitin sulfate,Radiopharmaceutical,,0,1,0,0,0,0,0,0,0,,adjuvant · squamous
NCT06673329,Brodalumab in the Treatment of Immune-Related Adverse Events,PHASE1,Phase 1,RECRUITING,11,"Brian Henick, MD","Brian Henick, MD",1,0,0,single_arm,1,brodalumab;ct scan,brodalumab;ct scan,IL-17RA,Monoclonal Antibody,,1,1,0,0,0,0,0,0,0,,metastatic
NCT06695845,A Phase 2 Study of Zanidatamab in Patients With HER2-expressing Tumors,PHASE2,Phase 2,RECRUITING,200,Jazz Pharmaceuticals,Jazz Pharmaceuticals,59,1,0,single_arm,1,zanidatamab,zanidatamab,HER2,Bispecific Antibody,ALK;BRAF;EGFR;HER2;KRAS;MET;ROS1,1,1,1,0,0,0,0,0,1,HER2+,metastatic · small-cell · measurable (RECIST)
NCT06710756,Lead-212 PSV359 Therapy for Patients With Solid Tumors,PHASE1;PHASE2,Phase 2,RECRUITING,112,Perspective Therapeutics,Perspective Therapeutics,4,1,0,multi_experimental,2,[203pb]pb-psv359;[212pb]pb-psv359,[203pb]pb-psv359;[212pb]pb-psv359,FAP,Radiopharmaceutical,FAP,0,1,0,0,0,0,0,0,0,,metastatic · ECOG 0-1
NCT06747585,A Study to Investigate ALE.P02 as Monotherapy in Adult Patients With Selected CLDN1+ Solid Tumors,PHASE1;PHASE2,Phase 2,RECRUITING,170,Alentis Therapeutics AG,Alentis Therapeutics,3,1,0,multi_experimental,3,ale.p02,ale.p02,CLDN1,ADC,CLDN1,1,1,0,0,0,0,0,1,0,,metastatic · 2nd-line+ · adenoca. · measurable (RECIST)
NCT06748872,"EPITOME-1015-I: a Study to Investigate the Safety and Tolerability of MDG1015 in Patients with Epithelial Ovarian Cancer, Gastroesophageal Adenocarcinoma, Round Cell Liposarcoma And/or Synovial Sarcoma",PHASE1,Phase 1,NOT_YET_RECRUITING,55,Medigene AG,Medigene,4,1,0,single_arm,1,lymphodepletion;tcr-t cells (mdg1015),lymphodepletion;tcr-t cells (mdg1015),NY-ESO-1,Cell Therapy,LAGE-1A;NY-ESO-1,1,1,0,0,0,0,0,0,0,,metastatic · adenoca. · measurable (RECIST)
NCT06760676,"A Multiple Tumor Species, Open and Multi-center Clinical Study of Alpaloritovorelli Antibodies (QL-1706) Combined with Pulsed Low Dose Rate External Irradiation (PLDR) for Disease Progression After Previous Anti-tumor Therapy",PHASE1,Phase 1,NOT_YET_RECRUITING,90,Anhui Provincial Hospital,Anhui Provincial Hospital,6,0,0,single_arm,1,alpaloritovorelli antibodies;pulsed low dose rate radiotherapy (pldr),alpaloritovorelli antibodies;pulsed low dose rate radiotherapy (pldr),PD-1,,,0,1,0,0,0,0,1,0,0,,metastatic · 1st-line · squamous · measurable (RECIST) · ECOG 0
NCT06769113,A Phase II Clinical Study to Evaluate HLX43 in Patients With Recurrent/Metastatic ESCC Failed or Intolerance to Standard Therapy,PHASE2,Phase 2,RECRUITING,102,Shanghai Henlius Biotech,Shanghai Henlius,98,1,0,multi_experimental,4,hlx43,hlx43,PD-L1,ADC,PD-L1,1,1,0,1,0,0,1,0,1,PD-L1+,metastatic · 1st-line · squamous · measurable (RECIST)
NCT06773507,Phase I Study of BC008-1A Injection in Patients With Advanced Solid Tumors,PHASE1,Phase 1,RECRUITING,80,"Sichuan Luzhou Buchang Biopharmaceutical Co., Ltd.",Sichuan Luzhou Buchang Biopharmaceutical,3,1,0,multi_experimental,2,bc008-1a,bc008-1a,,Cell Therapy,PD-L1,1,1,0,1,0,0,0,0,1,PD-L1+,metastatic · adenoca. · measurable (RECIST)
NCT06780111,Substudy 06E: Umbrella Study of Combination Therapies in Esophageal Cancer (MK-3475-06E/KEYMAKER-U06),PHASE1;PHASE2,Phase 2,RECRUITING,298,Merck Sharp & Dohme LLC,Merck (MSD),649,1,1,active_comparator,5,5-fluorouracil (5-fu);leucovorin;oxaliplatin;pembrolizumab,5-fluorouracil (5-fu);i-dxd;leucovorin;oxaliplatin;pembrolizumab;rescue medication;sacituzumab tirumotecan,PD-1,Monoclonal Antibody,PD-L1,1,1,0,1,0,0,1,0,1,PD-L1+,metastatic · 1st-line · squamous · measurable (RECIST)
NCT06846346,Testing Ivonescimab in Combination With Chemotherapy in Advanced or Metastatic Gastric/Gastroesophageal Adenocarcinoma,PHASE2,Phase 2,RECRUITING,88,UNICANCER,UNICANCER,64,0,0,multi_experimental,2,ivonescimab,FOLFOX;irinotecan;ivonescimab;paclitaxel,PD-1,Bispecific Antibody,BRAF;HER2;MET;MSI;MSI-H;MSS;PD-L1;biomarker;dMMR;pMMR,1,1,1,1,1,1,0,0,1,"HER2+, PD-L1+, CLDN18.2+, MSI-H/dMMR",metastatic · adenoca. · measurable (RECIST)
NCT06852456,"QL1706 in Combination With Neoadjuvant Chemotherapy Versus Neoadjuvant Chemotherapy for Locally Advanced, Resectable Esophageal Squamous Cell Carcinoma",PHASE2,Phase 2,NOT_YET_RECRUITING,30,"Qilu Pharmaceutical Co., Ltd.",Qilu Pharmaceutical,108,1,0,single_arm,1,cisplatin;iparomlimab and tuvonralimab (ql1706)injection;paclitaxel,cisplatin;iparomlimab and tuvonralimab (ql1706)injection;paclitaxel,PD-1,Monoclonal Antibody,PD-L1,1,1,0,0,0,0,0,0,0,,metastatic · squamous
NCT06910657,IDOV-Immune for Advanced Solid Tumors,PHASE1,Phase 1,RECRUITING,78,"ViroMissile, Inc.",ViroMissile,1,1,0,single_arm,1,idov-immune (oncolytic vaccinia virus),idov-immune (oncolytic vaccinia virus),,Oncolytic Virus,,1,1,0,0,0,0,0,0,0,,metastatic · measurable (RECIST)
NCT06943521,A Study of MT-4561 in Patients With Various Advanced Solid Tumors,PHASE1;PHASE2,Phase 2,RECRUITING,27,"Tanabe Pharma America, Inc.",Tanabe Pharma America,3,1,0,single_arm,1,mt-4561,mt-4561,BRD4,Small Molecule,,0,1,0,0,0,0,0,0,0,,metastatic · adenoca. · measurable (RECIST)
NCT07021066,"Evaluate the Safety, Tolerability, Pharmacokinetics and Efficacy of BL-M05D1 in Subjects With Solid Tumors",PHASE1,Phase 1,ACTIVE_NOT_RECRUITING,160,SystImmune Inc.,SystImmune,7,1,0,single_arm,1,bl-m05d1,bl-m05d1,CLDN18,ADC,BRAF;CLDN18.2;HER2;KRAS;MET;MMR;MSI;MSI-H;NTRK;PD-L1;dMMR,1,1,1,1,1,1,0,1,1,"HER2+, PD-L1+, CLDN18.2+, MSI-H/dMMR",metastatic · 2nd-line+ · adenoca. · measurable (RECIST) · ECOG 0-1
NCT07039162,Study of Tislelizumab Combined With Chemoradiotherapy and Surgery for Unresectable Esophageal Squamous Cell Carcinoma,PHASE2,Phase 2,RECRUITING,45,Ming-Yu Lien,Ming-Yu Lien,1,0,1,single_arm,1,cisplatin;paclitaxel;radiation therapy;tislelizumab,cisplatin;paclitaxel;radiation therapy;tislelizumab,PD-1,Monoclonal Antibody,PD-L1,1,1,0,0,0,0,0,0,0,,metastatic · squamous
NCT07039526,Single Dose Investigator Initiated Pilot Study to Investigate CYTALUX (Pafolacianine) for Intraoperative Detection of Malignant Tissue in Subjects Undergoing Surgical Resection for Cancer.,PHASE2,Phase 2,RECRUITING,50,John Waters,John Waters,1,0,0,single_arm,1,cytalux (pafolacianine) injection preoperatively,cytalux (pafolacianine) injection preoperatively,FRα,Small Molecule,FRα,0,1,0,0,0,0,0,0,0,,
NCT07059299,A Phase Ib Trial Evaluating the Safety and Activity of Neoadjuvant Combination of Tislelizumab Plus FLOT for Resectable Esophagogastric Adenocarcinoma,PHASE1,Phase 1,RECRUITING,18,Institut für Klinische Krebsforschung IKF GmbH at Krankenhaus Nordwest,Institut für Klinische Krebsforschung IKF GmbH at Krankenhaus Nordwest,28,0,1,single_arm,1,FLOT;tislelizumab,FLOT;tislelizumab,PD-1,Monoclonal Antibody,MSI;PD-L1;dMMR,1,1,0,1,0,1,0,0,1,"PD-L1+, MSI-H/dMMR",locally advanced · adenoca.
NCT07070466,Ivonescimab in Comb. With FOLFOX in Advanced HER2 Neg. GEA,PHASE2,Phase 2,RECRUITING,40,Massachusetts General Hospital,Massachusetts General Hospital,170,0,0,single_arm,1,fluorouracil;ivonescimab;leucovorin;oxaliplatin,fluorouracil;ivonescimab;leucovorin;oxaliplatin,PD-1,Bispecific Antibody,BRAF;HER2;MSS;PD-L1;pMMR,1,1,1,1,0,0,0,0,1,"HER2+, PD-L1+",metastatic · adenoca. · measurable (RECIST)
NCT07085091,A First in Human Study of ALX2004 With Advanced or Metastatic Selected Solid Tumors,PHASE1,Phase 1,RECRUITING,170,ALX Oncology Inc.,ALX Oncology,8,1,0,multi_experimental,3,alx2004,alx2004,EGFR,ADC,MSI;MSI-H;dMMR,1,1,0,0,0,1,0,1,1,MSI-H/dMMR,metastatic · 2nd-line+
NCT07090499,A Study to Learn About the Study Medicine Called PF-08046876 in People With Advanced Solid Tumors,PHASE1,Phase 1,RECRUITING,540,Pfizer,Pfizer,687,1,1,multi_experimental,3,pf-08046876,pf-08046876,ITGB6,ADC,,1,1,0,0,0,0,0,0,0,,advanced · measurable (RECIST)
NCT07109726,A Phase 1/2 Trial of TER-2013 in Patients With Solid Tumors Harboring AKT/PI3K/PTEN Pathway Alterations,PHASE1;PHASE2,Phase 2,RECRUITING,205,Terremoto Biosciences Inc.,Terremoto Biosciences,1,1,0,multi_experimental,4,ter-2013,fulvestrant injection;ter-2013,AKT,Small Molecule,AKT;BRAF;HER2;KRAS;PI3K;PTEN,0,1,1,0,0,0,0,0,1,HER2+,metastatic · adenoca. · measurable (RECIST)
NCT07114601,A Study of LY4257496 in Participants With Cancer (OMNIRAY),PHASE1,Phase 1,RECRUITING,421,Eli Lilly and Company,Eli Lilly,535,1,1,multi_experimental,5,diagnostic test: ly4257529;ly4257496,diagnostic test: ly4257529;ly4257496;standard of care anticancer therapies,GRPR,Radiopharmaceutical,ER;GRPR;HER2,0,1,1,0,0,0,0,1,1,HER2+,metastatic · 2nd-line+ · adenoca. · measurable (RECIST)
NCT07179692,CEA-Targeted CAR-T Therapy in CEA-Positive Advanced Solid Tumors,PHASE1,Phase 1,RECRUITING,108,"Chongqing Precision Biotech Co., Ltd",Chongqing Precision Biotech,41,1,0,multi_experimental,3,cea-targeted car-t cells,cea-targeted car-t cells,CEA,CAR-T,CEA;MET,1,1,0,0,0,0,0,1,0,,metastatic · 2nd-line+ · measurable (RECIST)
NCT07181473,"A Study to Evaluate the Safety, Pharmacokinetics and Efficacy of TJ101 in Patients With Advanced/Metastatic Solid Tumors",PHASE1,Phase 1,RECRUITING,200,Phrontline Biopharma,Phrontline Biopharma,2,1,0,single_arm,1,tj101,tj101,EGFR/B7-H3,ADC,biomarker;biomarker analysis,1,1,0,0,0,0,0,0,0,,metastatic · squamous · measurable (RECIST)
NCT07182149,A Phase 1 Study of NRM-823 in Participants With Locally Advanced or Metastatic Refractory Solid Tumors,PHASE1,Phase 1,RECRUITING,150,"Normunity AccelCo, Inc.",Normunity AccelCo,1,1,0,single_arm,1,nrm-823,nrm-823,,Bispecific Antibody,,1,1,0,0,0,0,0,0,0,,metastatic · adenoca.
NCT07189871,"177Lu-BetaBart in Patients With Relapsed/Refractory, Locally Advanced Inoperable, or Metastatic Solid Tumors",PHASE1;PHASE2,Phase 2,RECRUITING,61,"Radiopharm Theranostics, Ltd",Radiopharm Theranostics,7,1,0,single_arm,1,177lu-betabart,177lu-betabart,B7-H3,Radiopharmaceutical,,0,1,0,1,0,0,0,1,1,PD-L1+,metastatic · 2nd-line+ · measurable (RECIST)
NCT07203898,A Study of IPM514 in Patients With Esophageal Squamous Cell Carcinoma.,PHASE1,Phase 1,NOT_YET_RECRUITING,36,Beijing Immupeutics Medicine Technology Limited,Beijing Immupeutics Medicine Technology,1,1,0,single_arm,1,ipm514,ipm514,,,PD-L1,0,1,0,1,0,0,0,0,1,PD-L1+,metastatic · squamous · measurable (RECIST)
NCT07205731,"Phase II Study Evaluating Safety and Efficacy of Tislelizumab for Elderly Patients Unfit for Chemotherapy, With Advanced Esophageal Squamous-cell Carcinoma",PHASE2,Phase 2,RECRUITING,95,"University Hospital, Clermont-Ferrand","University Hospital, Clermont-Ferrand",5,0,1,single_arm,1,tislelizumab is a fully humanized monoclonal antibody specific for human pd-1,tislelizumab is a fully humanized monoclonal antibody specific for human pd-1,PD-1,Monoclonal Antibody,PD-L1;biomarker,1,1,0,0,0,0,1,0,0,,metastatic · 1st-line · squamous · measurable (RECIST)
NCT07213791,A Study of LY4337713 in Participants With FAP-Positive Solid Tumors,PHASE1,Phase 1,RECRUITING,241,Eli Lilly and Company,Eli Lilly,535,1,1,multi_experimental,6,ly4337713,ly4337713,FAP,Radiopharmaceutical,FAP;HER2,0,1,1,0,0,0,0,1,1,HER2+,metastatic · 2nd-line+ · adenoca. · ECOG 0-1
NCT07217171,"A Study Evaluating the Safety, Efficacy, and Pharmacokinetics (PK) of EVOLVE104 in Participants With Advanced Urothelial and Squamous Cell Carcinomas",PHASE1,Phase 1,RECRUITING,160,"EvolveImmune United, Inc",EvolveImmune United,1,1,0,multi_experimental,12,evolve104,evolve104,CD3,Bispecific Antibody,,1,1,0,0,0,0,0,1,0,,metastatic · 2nd-line+ · squamous
NCT07217704,Using 18F-FAPI PET to Detect Metastatic Disease in Patients That Have Gastric or Esophageal Cancer.,PHASE3,Phase 3,RECRUITING,200,SOFIE,SOFIE,3,1,0,single_arm,1,[18f]fapi-74 pet/ct,[18f]fapi-74 pet/ct,,Radiopharmaceutical,ALK,0,1,0,0,0,0,0,0,0,,metastatic
NCT07218003,A Phase 1/1b of RNDO-564 Single Agent or in Combination With Pembrolizumab in Bladder Cancer and Other Solid Tumors Associated With Nectin-4,PHASE1,Phase 1,ENROLLING_BY_INVITATION,149,Rondo Therapeutics,Rondo Therapeutics,1,1,0,multi_experimental,15,rndo-564,pembrolizumab;rndo-564,NECTIN4,Bispecific Antibody,NECTIN-4,1,1,0,0,0,0,0,0,0,,metastatic · squamous · measurable (RECIST)
NCT07227168,A Study of STRO-004 in Adults With Refractory/Recurrent Metastatic Cancer,PHASE1,Phase 1,RECRUITING,200,"Sutro Biopharma, Inc.",Sutro Biopharma,8,1,0,multi_experimental,3,stro-004,pembrolizumab;stro-004,PD-1,ADC,genomic,1,1,0,0,0,0,0,0,0,,metastatic · adenoca. · measurable (RECIST)
NCT07251062,"A Study of SYS6010, Enlonstobart, and Chemotherapy for First-Line Treatment of Esophageal Squamous Cell Carcinoma.",PHASE2;PHASE3,Phase 3,NOT_YET_RECRUITING,737,"CSPC Megalith Biopharmaceutical Co.,Ltd.",CSPC Megalith Biopharmaceutical,29,1,0,active_comparator,7,investigator's choice of soc;sys6010+sg001+ physician's choice (capecitabine or 5-fu),sys6010+sg001;sys6010+sg001+ physician's choice (capecitabine or 5-fu),,ADC,PD-L1,1,1,0,1,0,0,0,0,1,PD-L1+,metastatic · squamous · measurable (RECIST)
NCT07263919,Perioperative Cadonilimab Combined With Neoadjuvant Chemotherapy in Resectable Esophageal Squamous Cell Carcinoma (ESCC),PHASE2,Phase 2,RECRUITING,90,Akeso,Akeso,103,1,0,active_comparator,3,cisplatin;paclitaxel,cadonilimab (ak104);cisplatin;paclitaxel,PD-1,Bispecific Antibody,PD-L1,1,1,0,0,0,0,0,0,0,,metastatic · squamous
NCT07266493,Efficacy and Safety of Neoadjuvant Envafolimab Combined With Albumin-bound Paclitaxel and Carboplatin for Resectable Locally Advanced Esophageal Squamous Cell Carcinoma,PHASE2,Phase 2,RECRUITING,26,Shanghai Zhongshan Hospital,Shanghai Zhongshan Hospital,14,0,0,single_arm,1,chemotherapy （albumin bound paclitaxel and carboplatin）,chemotherapy （albumin bound paclitaxel and carboplatin）,,,,0,1,0,0,0,0,0,0,0,,neoadjuvant · squamous · ECOG 0-1
NCT07277413,A Study of IDE892 as Monotherapy and Combination in MTAP-deleted Advanced Solid Tumors,PHASE1,Phase 1,RECRUITING,260,IDEAYA Biosciences,IDEAYA Biosciences,11,1,0,multi_experimental,4,ide892,ide397;ide892,PRMT5,Small Molecule,MTAP-DELETED;PD-L1;biomarker,0,1,0,1,0,0,0,0,1,PD-L1+,metastatic · adenoca. · measurable (RECIST)
NCT07284186,First-in-Human Study of PLX-61639 in Locally Advanced or Metastatic Solid Tumors,PHASE1,Phase 1,RECRUITING,155,"Plexium, Inc.",Plexium,1,1,0,single_arm,1,plx-61639,plx-61639,SMARCA2,Small Molecule,SMARCA4,0,1,0,0,0,0,0,1,0,,metastatic · 2nd-line+ · measurable (RECIST) · ECOG 0
NCT07339488,Intestinal Low-Dose Radiotherapy Plus Immunochemotherapy for Conversion of Borderline Resectable/Unresectable Esophageal Squamous Cell Carcinoma,PHASE2,Phase 2,RECRUITING,43,Chuangzhen Chen,Chuangzhen Chen,1,0,0,single_arm,1,intestinal low dose radiotherapy-1gy;pd-1/pd-l1 inhibitors;surgery,intestinal low dose radiotherapy-1gy;pd-1/pd-l1 inhibitors;surgery,PD-1,Monoclonal Antibody,PD-L1,1,1,0,0,0,0,0,0,0,,metastatic · squamous
NCT07341737,SL-28 for Advanced Solid Tumours,PHASE1;PHASE2,Phase 2,RECRUITING,60,Second Life Therapeutics,Second Life Therapeutics,1,1,0,multi_experimental,3,sl-28,sl-28,,,biomarker,0,1,0,0,0,0,0,1,0,,metastatic · 2nd-line+ · adenoca. · measurable (RECIST)
NCT07367516,Clinical Trial Evaluating TQB6411 Injection in Participant s With Esophageal Cancer,PHASE1;PHASE2,Phase 2,RECRUITING,105,"Chia Tai Tianqing Pharmaceutical Group Co., Ltd.",Chia Tai Tianqing Pharmaceutical,213,1,0,single_arm,1,tqb6411 injection,tqb6411 injection,PD-1,Monoclonal Antibody,PD-L1;biomarker;biomarker analysis,1,1,0,1,0,0,0,0,1,PD-L1+,metastatic · measurable (RECIST) · ECOG 0-1
NCT07390838,A Study of SH009 Injection in Patients With Advanced Solid Tumors.,PHASE1,Phase 1,RECRUITING,150,"Nanjing Sanhome Pharmaceutical, Co., Ltd.",Nanjing Sanhome Pharmaceutical,16,1,0,single_arm,1,sh009,sh009,,,PD-L1;biomarker,0,1,0,1,0,0,0,0,1,PD-L1+,metastatic · squamous · measurable (RECIST)
NCT07392892,Symbiotic-GI-16: A Study to Learn About the Study Medicine Called PF-08634404 in Combination With Chemotherapy in Gastroesophageal Cancer,PHASE2;PHASE3,Phase 3,RECRUITING,840,Pfizer,Pfizer,687,1,1,active_comparator,3,nivolumab,pf-08634404,PD-1,Bispecific Antibody,MMR-PROFICIENT;MSI-H;PD-L1;dMMR,1,1,0,1,0,0,0,0,1,PD-L1+,metastatic · adenoca. · ECOG 0-1
NCT07431281,"Sonesitatug Vedotin in Combination With Capecitabine With or Without Rilvegostomig in Participants With Advanced or Metastatic Gastric, Gastroesophageal Junction, or Esophageal Adenocarcinoma Expressing Claudin18.2",PHASE3,Phase 3,RECRUITING,2130,AstraZeneca,AstraZeneca,780,1,1,active_comparator,5,capecitabine;fluorouracil;leucovorin;nivolumab;oxaliplatin;zolbetuximab,capecitabine;nivolumab;rilvegostomig;sonesitatug vedotin,PD-1,Monoclonal Antibody,CD30;CLDN18.2;HER2;PD-L1,1,1,1,1,1,0,1,0,1,"HER2+, PD-L1+, CLDN18.2+",metastatic · 1st-line · adenoca. · measurable (RECIST)
NCT07432295,Givastomig Combined With Nivolumab and Chemotherapy in Adults With CLDN18.2 Positive Metastatic Gastric Cancer (GIVA-2),PHASE2,Phase 2,RECRUITING,180,I-Mab Biopharma US Limited,I-Mab Biopharma US,6,1,0,active_comparator,3,5fluorouracil;capecitabine;leucovorin;nivolumab;oxaliplatin,5fluorouracil;capecitabine;givastomig;leucovorin;nivolumab;oxaliplatin,PD-1,Monoclonal Antibody,CD30;CLDN18.2;HER2;PD-L1,1,1,1,1,1,0,1,1,1,"HER2+, PD-L1+, CLDN18.2+",metastatic · 1st-line · adenoca. · measurable (RECIST)
NCT07463573,QLC5508 vs. Chemotherapy in Pretreated Advanced or Metastatic Esophageal Squamous Cell Carcinoma,PHASE3,Phase 3,RECRUITING,466,"Qilu Pharmaceutical Co., Ltd.",Qilu Pharmaceutical,108,1,0,active_comparator,2,investigator's choice of chemotherapy (docetaxel;or irinotecan hydrochloride);paclitaxel,qlc5508,B7-H3,ADC,,1,1,0,0,0,0,0,0,0,,metastatic · squamous · measurable (RECIST)
NCT07481058,KC1036 in Combination With PD-1 Antibody and Platinum-based Chemotherapy for First-line Advanced Esophageal Cancer,PHASE2,Phase 2,RECRUITING,60,"Beijing Konruns Pharmaceutical Co., Ltd.",Beijing Konruns Pharmaceutical,10,1,0,multi_experimental,2,cisplatin;kc1036;paclitaxel;toripalimab,cisplatin;kc1036;paclitaxel;toripalimab,PD-1,Small Molecule,,0,1,0,0,0,0,0,0,0,,metastatic · squamous · measurable (RECIST)
NCT07487896,A Study of YL201 Versus Investigator's Choice of Chemotherapy in Participants With Locally Advanced or Metastatic Esophageal Squamous Cell Carcinoma After Failure of First-Line Therapy,PHASE3,Phase 3,RECRUITING,440,"MediLink Therapeutics (Suzhou) Co., Ltd.",MediLink Therapeutics (Suzhou),23,1,0,active_comparator,2,docetaxel;irinotecan;paclitaxel,yl201,B7-H3,ADC,,1,1,0,0,0,0,0,0,0,,metastatic · ECOG 0-1
NCT07503808,A Study of IDE034 in Adult Participants With Locally Advanced/Metastatic Solid Tumors Types,PHASE1,Phase 1,RECRUITING,150,IDEAYA Biosciences,IDEAYA Biosciences,11,1,0,multi_experimental,2,ide034,ide034,PTK7,ADC,HER2,1,1,1,0,0,0,0,0,1,HER2−,metastatic · measurable (RECIST) · ECOG 0
NCT07518043,A Study of HLX18 vs. OPDIVO® in Multiple Resected Solid Tumors,PHASE1,Phase 1,RECRUITING,174,Shanghai Henlius Biotech,Shanghai Henlius,98,1,0,active_comparator,2,nivolumab,hlx18,PD-1,Monoclonal Antibody,PD-L1,1,1,0,1,0,0,0,0,1,PD-L1+,stage IV
NCT07519655,Phase 1 Study of PF-08046033 in Advanced Solid Tumors,PHASE1,Phase 1,RECRUITING,250,Pfizer,Pfizer,687,1,1,multi_experimental,10,pf-08046033,pf-08046033,GPNMB,ADC,GPNMB,1,1,0,0,0,0,0,0,0,,metastatic · measurable (RECIST)
NCT07544589,A Phase 1 Study Evaluating DISP-10 in Participants With Advanced Gastrointestinal Cancers,PHASE1,Phase 1,RECRUITING,66,Dispatch Biotherapeutics,Dispatch Biotherapeutics,1,1,1,single_arm,1,disp-10,disp-10,BCMA,,,0,1,0,0,0,0,0,0,0,,metastatic · adenoca. · measurable (RECIST)
NCT07554456,"A Study of BL-B01D1 in Combination With Tislelizumab ±5-Fluorouracil Versus Platinum-Based Chemotherapy Plus Tislelizumab as First-line Treatment in Patients With Unresectable, Locally Advanced Recurrent or Metastatic Esophageal Squamous Cell Carcinoma(PANKU-Esophagus02)",PHASE2;PHASE3,Phase 3,RECRUITING,90,"Sichuan Baili Pharmaceutical Co., Ltd.",Sichuan Baili Pharmaceutical,127,1,0,active_comparator,3,cisplatin;fluorouracil;paclitaxel;tislelizumab,bl-b01d1;fluorouracil;tislelizumab,PD-1,ADC,PD-L1,1,1,0,1,0,0,1,0,1,PD-L1+,metastatic · 1st-line · squamous · measurable (RECIST)
NCT07554521,A Study to Evaluate Efficacy and Safety of Tislelizumab Plus Chemotherapy for Locally Advanced Unresectable or Metastatic Gastric or Gastroesophageal Adenocarcinoma and Esophageal Squamous Cell Carcinoma in Racial and Ethnic Minority Patients in the United States,PHASE2,Phase 2,RECRUITING,30,BeOne Medicines,BeiGene/BeOne,149,1,0,multi_experimental,2,5-fluorouracil (5-fu);leucovorin;oxaliplatin;tislelizumab,5-fluorouracil (5-fu);capecitabine;leucovorin;oxaliplatin;tislelizumab,PD-1,Monoclonal Antibody,HER2;PD-L1,1,1,1,1,0,0,0,0,1,"HER2+, PD-L1+",metastatic · adenoca. · measurable (RECIST)
NCT07578571,A Phase 1 Study of IM-1617 in Participants With Advanced Cancer,PHASE1,Phase 1,RECRUITING,175,"Immunome, Inc.",Immunome,4,1,0,multi_experimental,2,im-1617,im-1617,,ADC,HER2;PD-L1;biomarker,1,1,1,1,0,0,0,1,1,"HER2+, PD-L1+",metastatic · 2nd-line+ · adenoca. · measurable (RECIST)
NCT07583316,"A Phase 1 First-in-Human Study of CRPA1A2, a MAGE-A1/HLA-A*02:01 Bispecific T-Cell Engager, in Patients With Solid Tumors",PHASE1,Phase 1,NOT_YET_RECRUITING,192,"Corregene Biotechnology Co., Ltd",Corregene Biotechnology,4,1,0,multi_experimental,3,crpa1a2,crpa1a2,MAGE-A1,Bispecific Antibody,HLA-A*02:01;MAGE-A1;MET,1,1,0,0,0,0,0,0,0,,metastatic · squamous · measurable (RECIST)
NCT07595770,Adebrelimab Combined With Neoadjuvant Chemoradiotherapy for Esophageal Squamous Cell Carcinoma,PHASE2,Phase 2,RECRUITING,37,Sun Yat-Sen Memorial Hospital of Sun Yat-Sen University,Sun Yat-Sen Memorial Hospital of Sun Yat-Sen University,15,0,0,single_arm,1,carboplatin in combination with radiotherapy;• adebrelimab and nab-paclitaxel,carboplatin in combination with radiotherapy;• adebrelimab and nab-paclitaxel,TNF-alpha,Monoclonal Antibody,,1,1,0,0,0,0,0,0,0,,metastatic · measurable (RECIST) · ECOG 0-1
NCT07602842,A Study of IDP-001 in Advanced or Metastatic Solid Tumors,PHASE1;PHASE2,Phase 2,RECRUITING,132,"InduPro, Inc.",InduPro,1,1,0,multi_experimental,2,idp-001,idp-001,EGFR,ADC,,1,1,0,0,0,0,0,0,0,,metastatic · measurable (RECIST)
NCT07621601,A Study of HS-20093 in Patients With Pretreated Advanced or Metastatic Esophageal Squamous Cell Carcinoma (ESCC),PHASE3,Phase 3,NOT_YET_RECRUITING,494,Hansoh BioMedical R&D Company,Hansoh,82,1,0,active_comparator,2,irinotecan; paclitaxel; docetaxel,hs-20093 for injection,,,,0,1,0,0,0,0,1,0,0,,metastatic · 1st-line · adenoca. · measurable (RECIST)
NCT07623642,"A Phase II Study of GV20-0251 in Combination With Anti-PD-1 Monoclonal Antibodies in Patients With Unresectable, Locally Advanced, or Metastatic Solid Tumors.",PHASE2,Phase 2,NOT_YET_RECRUITING,227,GV20 Therapeutics,GV20 Therapeutics,3,1,0,single_arm,1,anti-pd-1 monoclonal antibodies;gv20-0251,anti-pd-1 monoclonal antibodies;gv20-0251,IGSF8,Monoclonal Antibody,IGSF8 RNA;IGSF8 membrane protein;PD-L1,1,1,0,1,0,0,1,0,1,PD-L1+,metastatic · 1st-line · adenoca. · measurable (RECIST)
NCT07700667,SKB500 Combinations in Patients With Esophageal Squamous Cell Carcinoma,PHASE2,Phase 2,RECRUITING,120,"Sichuan Kelun-Biotech Biopharmaceutical Co., Ltd.",Kelun,50,1,0,multi_experimental,4,skb500;tislelizumab,5 - fu;cisplatin;skb500;tislelizumab,,,biomarker;biomarker analysis,0,1,0,0,0,0,0,0,0,,metastatic · adenoca. · measurable (RECIST)
NCT07726212,"A First-in-human (FIH), Open-Label, Dose Escalation and Expansion Cohorts Study of MC002",PHASE1,Phase 1,NOT_YET_RECRUITING,143,Hangzhou MacroLink Biopharmaceutical LLC,Hangzhou MacroLink Biopharmaceutical,1,1,0,single_arm,1,mc002（adc）,mc002（adc）,,ADC,,1,1,0,0,0,0,0,0,0,,metastatic · measurable (RECIST)
NCT07733180,A Study Investigating Alternate Schedules of Tislelizumab Plus Chemotherapy in Japanese Patients With First-line Advanced ESCC,PHASE2,Phase 2,RECRUITING,30,BeOne Medicines,BeiGene/BeOne,149,1,0,multi_experimental,2,5-fluorouracil (5-fu);leucovorin;oxaliplatin;tislelizumab,5-fluorouracil (5-fu);leucovorin;oxaliplatin;tislelizumab,PD-1,Monoclonal Antibody,PD-L1,1,1,0,1,0,0,0,0,1,PD-L1+,metastatic · measurable (RECIST)
NCT07738939,IKS04 Regimen in Advanced Solid Tumors That Express CA242,PHASE1,Phase 1,NOT_YET_RECRUITING,120,Iksuda Therapeutics Ltd.,Iksuda Therapeutics,3,1,0,multi_experimental,5,iks04 antibody drug conjugate adc + isumab04 monoclonal antibody,iks04 antibody drug conjugate adc + isumab04 monoclonal antibody,,ADC,,1,1,0,0,0,0,0,0,0,,metastatic · measurable (RECIST)
NCT07751341,A Clinical Study of SHR-9839 as Monotherapy or in Combination With Chemotherapy Plus Adebrelimab Versus Chemotherapy Plus Adebrelimab in Patients With Advanced Esophageal Squamous Cell Carcinoma,PHASE2,Phase 2,RECRUITING,84,"Suzhou Suncadia Biopharmaceuticals Co., Ltd.",Suzhou Suncadia Biopharmaceuticals,86,1,0,multi_experimental,2,,shr-9839(sc) for injection;shr-9839(sc) for injection、adebrelimab injection、paclitaxel for injection、cisplatin injecion,,,,0,1,0,0,0,0,0,0,0,,metastatic · squamous
NCT07752875,A Study of LG00313112 in Participants With Advanced Solid Malignancies Harboring a TP53 Y220C Mutation,PHASE1;PHASE2,Phase 2,NOT_YET_RECRUITING,250,LG Chem,LG Chem,2,1,0,single_arm,1,lg00313112,lg00313112,,,,0,1,0,0,0,0,0,1,0,,metastatic · 2nd-line+ · measurable (RECIST)
NCT07770672,An Exploratory Clinical Study of Accurate Efficacy Assessment of Neoadjuvant Immunotherapy in Locally Advanced Esophageal Squamous Cell Carcinoma Based on 68Ga-FAPI ([68Ga] Fibroblast Activation Protein Inhibitor)/¹⁸F-FDG (2-Deoxy-2-[¹⁸F]Fluoro-D-glucose) Dual Imaging,PHASE2,Phase 2,NOT_YET_RECRUITING,92,Tan Lijie,Tan Lijie,1,0,0,active_comparator,2,adebrelimab plus,retlirafusp alfa plus,,,,0,1,0,0,0,0,0,0,0,,metastatic · squamous · ECOG 0
NCT07781852,Evaluation of the Distribution of 64Cu/68Ga Labeled CM500 in Healthy Volunteers and Patients With Cancer,EARLY_PHASE1,Phase 1,NOT_YET_RECRUITING,40,Lumina Pharmaceuticals Inc,Lumina Pharmaceuticals,1,1,0,active_comparator,4,[64cu]cm500;[68ga]cm500;blood collection;device: pet/ct;device: pet/mr,[64cu]cm500;[68ga]cm500;blood collection;device: pet/ct;device: pet/mr,,Peptide,,0,1,0,0,0,0,0,0,0,,metastatic
NCT07799077,Paclitaxel Polymeric Micelles and Cisplatin Plus Sintilimab as Neoadjuvant Therapy for Resectable Locally Advanced Esophageal Squamous Cell Carcinoma,PHASE2,Phase 2,NOT_YET_RECRUITING,32,Hebei Medical University Fourth Hospital,Hebei Medical University Fourth Hospital,6,0,0,single_arm,1,paclitaxel polymer micelles for injection and cisplatin combined with sintilimab,paclitaxel polymer micelles for injection and cisplatin combined with sintilimab,PD-1,Monoclonal Antibody,,1,1,0,0,0,0,0,0,0,,resectable · squamous · measurable (RECIST) · ECOG 0-1
NCT07806500,Phase Ib Study of Oral R01 Monotherapy in Advanced Solid Tumors,PHASE1,Phase 1,NOT_YET_RECRUITING,18,"Beijing Anjianxi Bio-Medical Technology Co., Ltd.",Beijing Anjianxi Bio-Medical Technology,1,1,0,single_arm,1,r01,r01,,Cell Therapy,,1,1,0,0,0,0,0,1,0,,metastatic · 2nd-line+ · squamous · measurable (RECIST)
NCT07807345,Phase 1 Study of STRO-006 in Adults With Refractory Solid Tumors That Are Recurrent or Metastatic,PHASE1,Phase 1,NOT_YET_RECRUITING,285,"Sutro Biopharma, Inc.",Sutro Biopharma,8,1,0,multi_experimental,3,stro-006,pembrolizumab;stro-006,PD-1,,HER2,0,1,1,0,0,0,0,1,1,HER2+,metastatic · 2nd-line+ · adenoca. · measurable (RECIST)
NCT07812805,SKL35501 With SKL35502 Imaging in Adults With NTSR1 Positive Advanced Solid Tumors,PHASE1,Phase 1,RECRUITING,100,"SK Life Science, Inc.",SK Life Science,2,1,0,multi_experimental,2,diagnostic test: skl35502;skl35501,diagnostic test: skl35502;skl35501,,Small Molecule,MSI;MSI-H;dMMR,0,1,0,0,0,1,0,1,1,MSI-H/dMMR,metastatic · 2nd-line+ · squamous · measurable (RECIST)
NCT07814248,"A Phase 1, First-in-Human (FIH), Open-Label, Dose-Escalation and Dose Expansion Study of the Peptide Drug Conjugate (PDC), TS-104, as a Monotherapy in Subjects With Select Advanced Solid Tumors",PHASE1,Phase 1,NOT_YET_RECRUITING,74,"TwoStep Therapeutics, Inc.",TwoStep Therapeutics,1,1,0,multi_experimental,3,ts-104,ts-104,,ADC,MET,1,1,0,0,0,0,0,0,0,,metastatic · squamous · measurable (RECIST)
