nct_id,brief_title,phase,phase_simple,overall_status,enrollment,lead_sponsor,company,sponsor_scale,is_industry,is_big_pharma,arm_structure,n_arms,comparator_B,experimental_A,targets,modalities,biomarkers_pipeline,tme_relevant,is_combination,SSTR,Ki-67,first_line,later_line,biomarker_selected
NCT02174549,Dose-defining Study of Tirapazamine Combined With Embolization in Liver Cancer,PHASE1;PHASE2,Phase 2,RECRUITING,25,Teclison Ltd.,Teclison,4,1,0,single_arm,1,conventional transarterial embolization (tae);tirapazamine,conventional transarterial embolization (tae);tirapazamine,,,,0,1,0,0,0,0,0
NCT02568267,"Basket Study of Entrectinib (RXDX-101) for the Treatment of Patients With Solid Tumors Harboring NTRK 1/2/3 (Trk A/B/C), ROS1, or ALK Gene Rearrangements (Fusions)",PHASE2,Phase 2,ACTIVE_NOT_RECRUITING,534,Hoffmann-La Roche,Roche/Genentech,922,1,1,multi_experimental,9,entrectinib,entrectinib,ROS1,Small Molecule,ALK;NTRK;ROS1,0,1,0,0,0,0,0
NCT02628067,Study of Pembrolizumab (MK-3475) in Participants With Advanced Solid Tumors (MK-3475-158/KEYNOTE-158),PHASE2,Phase 2,ACTIVE_NOT_RECRUITING,1609,Merck Sharp & Dohme LLC,Merck (MSD),649,1,1,multi_experimental,2,pembrolizumab,pembrolizumab,PD-1,Monoclonal Antibody,CDX;MMR;MSI;MSI-H;PD-L1;TMB;dMMR,1,1,0,0,1,0,0
NCT03049189,Efficacy and Safety of 177Lu-edotreotide PRRT in GEP-NET Patients,PHASE3,Phase 3,ACTIVE_NOT_RECRUITING,324,ITM Solucin GmbH,ITM Solucin,3,1,0,active_comparator,2,everolimus,177lu-edotreotide prrt;amino-acid solution,SSTR,Radiopharmaceutical,SSTR,0,1,1,0,0,0,1
NCT03284424,Study of Pembrolizumab (MK-3475) in Adults With Recurrent/Metastatic Cutaneous Squamous Cell Carcinoma (cSCC) or Locally Advanced Unresectable cSCC (MK-3475-629/KEYNOTE-629),PHASE2,Phase 2,COMPLETED,159,Merck Sharp & Dohme LLC,Merck (MSD),649,1,1,multi_experimental,2,pembrolizumab,pembrolizumab,PD-1,Monoclonal Antibody,CDX;MMR;MSI;MSI-H;PD-L1;TMB;dMMR,1,1,0,0,0,1,0
NCT03333616,Nivolumab Combined With Ipilimumab for Patients With Advanced Rare Genitourinary Tumors,PHASE2,Phase 2,ACTIVE_NOT_RECRUITING,100,Dana-Farber Cancer Institute,Dana-Farber Cancer Institute,326,0,1,single_arm,1,ipilimumab;nivolumab,ipilimumab;nivolumab,CTLA-4,Monoclonal Antibody,PD-L1,1,1,0,0,0,1,0
NCT03600233,Study of CVM-1118 for Patients With Advanced Neuroendocrine Tumors,PHASE2,Phase 2,ACTIVE_NOT_RECRUITING,34,"TaiRx, Inc.",TaiRx,8,1,0,single_arm,1,cvm-1118,cvm-1118,VM,Small Molecule,,0,1,0,0,0,1,0
NCT03647163,Ph I/II Trial of Systemic VSV-IFNβ-NIS in Combination With Checkpoint Inhibitor Therapy in Patients With Select Solid Tumors,PHASE1;PHASE2,Phase 2,ACTIVE_NOT_RECRUITING,33,"Vyriad, Inc.",Vyriad,5,1,0,multi_experimental,6,vsv-ifnβ-nis,ipilimumab + nivolumab;pembrolizumab;vsv-ifnβ-nis,PD-1,Monoclonal Antibody,ALK;EGFR;PD-L1,1,1,0,0,1,1,0
NCT03839498,Study of Axitinib (AG-013736) With Evaluation of the VEGF-pathway in Pheochromocytoma/Paraganglioma,PHASE2,Phase 2,ACTIVE_NOT_RECRUITING,6,Columbia University,Columbia University,40,0,1,single_arm,1,axitinib,axitinib,EGFR,Small Molecule,genomic,0,1,0,0,0,0,0
NCT03891784,"Abemaciclib in Treating Patients With Advanced, Refractory, and Unresectable Digestive System Neuroendocrine Tumors",PHASE2,Phase 2,ACTIVE_NOT_RECRUITING,20,University of Washington,University of Washington,74,0,1,single_arm,1,abemaciclib,abemaciclib,ER,Small Molecule,ER;HER2,0,1,0,1,0,0,1
NCT03946527,LAnreotide in Metastatic Pheochromocytoma / PARAganglioma (LAMPARA),PHASE2,Phase 2,ACTIVE_NOT_RECRUITING,10,Antonio Fojo,Antonio Fojo,2,0,0,single_arm,1,lanreotide,lanreotide,SSTR2,Peptide,PR;SSTR2,0,1,1,0,0,0,1
NCT03972488,Study to Evaluate the Efficacy and Safety of Lutathera in Patients With Grade 2 and Grade 3 Advanced GEP-NET,PHASE3,Phase 3,ACTIVE_NOT_RECRUITING,226,Advanced Accelerator Applications,Advanced Accelerator Applications,9,1,0,active_comparator,5,high dose;lutathera,2.5% lys-arg sterile amino acid solution;lutathera,SSTR,Radiopharmaceutical,SSTR,0,1,1,1,0,0,1
NCT04412629,Cabozantinib in High Grade Neuroendocrine Neoplasms,PHASE2,Phase 2,ACTIVE_NOT_RECRUITING,35,Washington University School of Medicine,Washington University School of Medicine,178,0,0,single_arm,1,blood for plasma biomarkers;cabozantinib;tissue biopsy,blood for plasma biomarkers;cabozantinib;tissue biopsy,MET,Small Molecule,MET;PD-L1,0,1,0,1,0,0,1
NCT04471727,A Study in Participants With Advanced Cancers Associated With Expression of DLL3 (MK-6070-001/HPN328-4001),PHASE1;PHASE2,Phase 2,ACTIVE_NOT_RECRUITING,232,"Harpoon Therapeutics, Inc., a subsidiary of Merck & Co., Inc. (Rahway, New Jersey USA)",Merck (MSD),649,1,1,multi_experimental,5,gocatamig,atezolizumab;gocatamig;ifinatamab deruxtecan (i-dxd),PD-L1,Monoclonal Antibody,CMMRD;MSI-H;TMB,1,1,0,0,0,1,0
NCT04609592,"Study of PRRT in Metastatic, WHO Grade 1 or 2, SSTR Positive, GEP-NET Who Are Candidates for Cytoreductive Surgery",PHASE1,Phase 1,ACTIVE_NOT_RECRUITING,10,Stanford University,Stanford University,58,0,1,single_arm,1,computed tomography (ct);gallium 68 dotatate;lutathera;magnetic resonance imaging (mri);pet/ct,computed tomography (ct);gallium 68 dotatate;lutathera;magnetic resonance imaging (mri);pet/ct,SSTR,Radiopharmaceutical,SSTR,0,1,1,1,0,0,1
NCT04711135,Study to Evaluate Safety and Dosimetry of Lutathera in Adolescent Patients With GEP-NETs and PPGLs,PHASE2,Phase 2,ACTIVE_NOT_RECRUITING,11,Advanced Accelerator Applications,Advanced Accelerator Applications,9,1,0,single_arm,1,lutetium [177lu] oxodotreotide/dotatate,lutetium [177lu] oxodotreotide/dotatate,SSTR2,Radiopharmaceutical,Somatostatin Receptor,0,1,1,1,0,0,1
NCT04837885,Intra-arterial Hepatic (IAH) Infusion of Radiolabelled Somatostatin Analogs in GEP-NET Patients With Dominant Liver Metastases,PHASE2,Phase 2,RECRUITING,23,"University Hospital, Bordeaux","University Hospital, Bordeaux",8,0,0,single_arm,1,lutathera by intra-arterial hepatic (iah) injection;positron emission tomography computed tomography (pet/ct) with intra-hepatic (iah) injection;positron emission tomography computed tomography (pet/ct) with intravenous (iv) injection;scan,lutathera by intra-arterial hepatic (iah) injection;positron emission tomography computed tomography (pet/ct) with intra-hepatic (iah) injection;positron emission tomography computed tomography (pet/ct) with intravenous (iv) injection;scan,SSTR2,Radiopharmaceutical,SSTR2,0,1,0,0,0,0,0
NCT04848337,Pembrolizumab and Lenvatinib in Advanced/Metastatic Neuroendocrine Prostate Cancer,PHASE2,Phase 2,ACTIVE_NOT_RECRUITING,45,University of Michigan Rogel Cancer Center,University of Michigan Rogel Cancer Center,59,0,1,single_arm,1,lenvatinib;pembrolizumab,lenvatinib;pembrolizumab,PD-1,Monoclonal Antibody,PD-L1;genomic,1,1,0,0,0,1,0
NCT04869137,Neoadjuvant Lenvatinib Plus Pembrolizumab in Merkel Cell Carcinoma,PHASE2,Phase 2,ACTIVE_NOT_RECRUITING,26,H. Lee Moffitt Cancer Center and Research Institute,H. Lee Moffitt Cancer Center and Research Institute,228,0,1,single_arm,1,lenvatinib oral product;pembrolizumab,lenvatinib oral product;pembrolizumab,PD-1,Monoclonal Antibody,PD-L1,1,1,0,0,0,0,0
NCT04919226,Lutetium 177Lu-Edotreotide Versus Best Standard of Care in Well-differentiated Aggressive Grade-2 and Grade-3 GastroEnteroPancreatic NeuroEndocrine Tumors (GEP-NETs) - COMPOSE,PHASE3,Phase 3,ACTIVE_NOT_RECRUITING,259,ITM Solucin GmbH,ITM Solucin,3,1,0,active_comparator,2,captem (capecitabine and temozolomide);everolimus;folfox (folinic acid + fluorouracil + oxaliplatin),177lu-edotreotide (peptide receptor radionuclide therapy) prrt;amino-acid solution,SSTR,Radiopharmaceutical,SSTR,0,1,1,0,0,0,1
NCT04924075,"Belzutifan/MK-6482 for the Treatment of Advanced Pheochromocytoma/Paraganglioma (PPGL), Pancreatic Neuroendocrine Tumor (pNET), Von Hippel-Lindau (VHL) Disease-Associated Tumors, Advanced Gastrointestinal Stromal Tumor (wt GIST), or Solid Tumors With HIF-2α Related Genetic Alterations (MK-6482-015)",PHASE2,Phase 2,RECRUITING,355,Merck Sharp & Dohme LLC,Merck (MSD),649,1,1,single_arm,1,belzutifan,belzutifan,HIF-2α,Small Molecule,HIF-2α;VHL,0,1,0,0,0,0,0
NCT04969887,Combination Immunotherapy in Rare Cancers Under InvesTigation,PHASE2,Phase 2,ACTIVE_NOT_RECRUITING,240,Olivia Newton-John Cancer Research Institute,Olivia Newton-John Cancer Research Institute,7,0,1,single_arm,1,ipilimumab;nivolumab,ipilimumab;nivolumab,CTLA-4,Monoclonal Antibody,MMR;MSI;MSI-H;PD-L1;biomarker,1,1,0,0,0,0,0
NCT05000294,Atezolizumab Plus Tivozanib in Immunologically Cold Tumor Types,PHASE1;PHASE2,Phase 2,RECRUITING,29,University of Florida,University of Florida,28,0,1,single_arm,1,atezolizumab;tivozanib,atezolizumab;tivozanib,PD-L1,Monoclonal Antibody,CMMRD;HER2;MET;MSI;MSI-H;PD-L1;TMB;dMMR,1,1,0,0,0,0,0
NCT05050942,A Trial to Assess Efficacy and Safety of Octreotide Subcutaneous Depot in Patients With GEP-NET,PHASE3,Phase 3,ACTIVE_NOT_RECRUITING,332,Camurus AB,Camurus,4,1,0,active_comparator,2,lanreotide atg;octreotide lar,cam2029,SSTR2,Peptide,SSTR2,0,1,1,0,0,1,1
NCT05111509,A First-in-human Clinical Trial to Evaluate an Alpha-radiation Imaging Agent,EARLY_PHASE1,Phase 1,ACTIVE_NOT_RECRUITING,20,Yusuf Menda,Yusuf Menda,1,0,0,single_arm,1,[203pb]vmt-α-net;device: spect/ct,[203pb]vmt-α-net;device: spect/ct,SSTR2,Radiopharmaceutical,Somatostatin Receptor,0,1,1,0,0,0,1
NCT05153772,Targeted Alpha-emitter Therapy of PRRT Naïve and Previous PRRT Neuroendocrine Tumor Patients,PHASE2,Phase 2,ACTIVE_NOT_RECRUITING,69,Orano Med LLC,Orano Med,3,1,1,single_arm,1,alphamedix,alphamedix,SSTR,Radiopharmaceutical,,0,1,1,0,0,0,1
NCT05167071,HBM4003 Combine With Toripalimab in Patients With Advanced NEN and Other Solid Tumors Study,PHASE1,Phase 1,ACTIVE_NOT_RECRUITING,53,Harbour BioMed (Guangzhou) Co. Ltd.,Harbour BioMed (Guangzhou),4,1,0,multi_experimental,3,hbm4003,hbm4003;tislelizumab;toripalimab,PD-1,Monoclonal Antibody,PD-L1,1,1,0,0,0,0,0
NCT05178693,Lutathera and ASTX727 in Neuroendocrine Tumours,PHASE1,Phase 1,RECRUITING,27,Imperial College London,Imperial College London,18,0,0,single_arm,1,astx727;lutathera,astx727;lutathera,BCL2,Small Molecule,BCL-2,0,1,0,1,1,1,1
NCT05199272,A Phase 1/2a Study of 23ME-00610 in Patients With Advanced Solid Malignancies,PHASE1;PHASE2,Phase 2,ACTIVE_NOT_RECRUITING,141,"23andMe, Inc.",23andMe,2,1,0,multi_experimental,2,23me-00610,23me-00610,CD200R1,Monoclonal Antibody,CDX;MSI;MSI-H;TMB;TMB-H,1,1,0,0,0,0,0
NCT05249114,Study of Cabozantinib With Lu-177 in Patients With Somatostatin Receptor 2 Positive Neuroendocrine Tumors,PHASE1,Phase 1,ACTIVE_NOT_RECRUITING,6,Providence Health & Services,Providence Health & Services,30,0,0,multi_experimental,5,cabozantinib;lu-177,cabozantinib;lu-177,MET,Small Molecule,MET;PD-L1,0,1,1,0,0,0,1
NCT05263050,Trial of an Alternative Cabozantinib Dosing Schedule in Metastatic Renal Cell Carcinoma and Neuroendocrine Tumors,PHASE2,Phase 2,RECRUITING,111,Fox Chase Cancer Center,Fox Chase Cancer Center,34,0,0,multi_experimental,2,cabozantinib,cabozantinib;nivolumab,MET,Small Molecule,PD-L1,0,1,0,0,1,0,0
NCT05459844,A Study Comparing Treatment With Lutetium[177Lu] Oxodotreotide Injection to Octreotide LAR in Patients With GEP-NETs,PHASE3,Phase 3,ACTIVE_NOT_RECRUITING,196,Sinotau Pharmaceutical Group,Sinotau Pharmaceutical,6,1,0,active_comparator,2,octreotide lar,lutetium[177lu] oxodotreotide injection,SSTR2,Radiopharmaceutical,Somatostatin Receptor,0,1,1,0,0,0,1
NCT05477576,Study of RYZ101 Compared With SOC in Pts w Inoperable SSTR+ Well-differentiated GEP-NET That Has Progressed Following 177Lu-SSA Therapy,PHASE3,Phase 3,RECRUITING,338,"RayzeBio, Inc.",RayzeBio,7,1,0,active_comparator,4,everolimus;lanreotide;octreotide;ryz101;sunitinib,ryz101,SSTR,Radiopharmaceutical,SSTR,0,1,1,1,0,0,1
NCT05546268,Study of Oral MRT-2359 in Selected Cancer Patients,PHASE1;PHASE2,Phase 2,ACTIVE_NOT_RECRUITING,174,"Monte Rosa Therapeutics, Inc",Monte Rosa Therapeutics,2,1,0,multi_experimental,6,oral mrt-2359,oral mrt-2359,MYC,Small Molecule,HER2;MYC;biomarker,0,1,0,0,0,0,0
NCT05636618,Targeted Alpha-Particle Therapy for Advanced Somatostatin Receptor Type 2 (SSTR2) Positive Tumors,PHASE1;PHASE2,Phase 2,RECRUITING,300,Perspective Therapeutics,Perspective Therapeutics,4,1,0,multi_experimental,2,[203pb]vmt-α-net;[212pb]vmt-α-net,[203pb]vmt-α-net;[212pb]vmt-α-net,SSTR2,Radiopharmaceutical,Somatostatin Receptor,0,1,1,0,0,0,1
NCT05652686,A Study of Peluntamig (PT217) in Patients With Neuroendocrine Carcinomas Expressing DLL3 (the SKYBRIDGE Study),PHASE1;PHASE2,Phase 2,RECRUITING,203,Phanes Therapeutics,Phanes Therapeutics,3,1,1,multi_experimental,4,peluntamig (pt217),atezolizumab;carboplatin + etoposide;irinotecan (drug);lurbinectedin;paclitaxel.;peluntamig (pt217);topotecan,DLL3,ADC,DLL3;PR;biomarker,1,1,0,1,1,1,1
NCT05746208,Lenvatinib Plus Pembrolizumab in Well Differentiated G3 Neuroendocrine Tumors,PHASE2,Phase 2,RECRUITING,29,"University of California, San Francisco","University of California, San Francisco",90,0,1,single_arm,1,hyperpolarized 13c-pyruvate;lenvatinib;pembrolizumab,hyperpolarized 13c-pyruvate;lenvatinib;pembrolizumab,VEGF/VEGFR,Small Molecule,PD-L1;biomarker,0,1,1,1,0,1,1
NCT05879055,A Study of PM8002 in Combination With Chemotherapy in Patients With NEN,PHASE2,Phase 2,ACTIVE_NOT_RECRUITING,31,Biotheus Inc.,Biotheus,16,1,0,single_arm,1,FOLFIRI;pm8002,FOLFIRI;pm8002,PD-L1,Bispecific Antibody,PD-L1,1,1,0,1,1,0,1
NCT05879978,A Study to Test How Well Different Doses of Obrixtamig (BI 764532) in Combination With Ezabenlimab Are Tolerated by People With Small Cell Lung Cancer and Other Neuroendocrine Tumours That Are Positive for DLL3,PHASE1,Phase 1,ACTIVE_NOT_RECRUITING,45,Boehringer Ingelheim,Boehringer Ingelheim,237,1,1,single_arm,1,ezabenlimab;obrixtamig,ezabenlimab;obrixtamig,PD-1,Monoclonal Antibody,PD-L1,1,1,0,0,0,1,0
NCT05882058,DAREON™-5: A Study to Test Whether Different Doses of BI 764532 Help People With Small Cell Lung Cancer or Other Neuroendocrine Cancers,PHASE2,Phase 2,RECRUITING,204,Boehringer Ingelheim,Boehringer Ingelheim,237,1,1,multi_experimental,4,bi 764532,bi 764532;device: ventana dll3 rxdx assay;dose 1;dose 2,DLL3,Bispecific Antibody,DLL3;PD-L1,1,1,0,0,1,0,0
NCT05884255,An Open-label Phase 3 Study of Lutetium (177Lu) Oxodotreotide Injection in Subjects With Advanced Gastrointestinal Pancreatic Neuroendocrine Tumors.,PHASE3,Phase 3,RECRUITING,220,"Jiangsu HengRui Medicine Co., Ltd.",Hengrui,312,1,0,active_comparator,2,long-acting octreotide,lutetium (177lu) oxodotreotide injection；long-acting octreotide,SSTR2,Radiopharmaceutical,Somatostatin Receptor,0,1,0,0,0,0,0
NCT05918302,Efficacy and Safety of Radiotherapy Compared to Everolimus in Somatostatin Receptor Positive Neuroendocrine Tumors of the Lung and Thymus.,PHASE3,Phase 3,RECRUITING,170,Grupo Espanol de Tumores Neuroendocrinos,Grupo Espanol de Tumores Neuroendocrinos,10,0,0,active_comparator,2,everolimus,177lu-edotreotide,SSTR2,Radiopharmaceutical,SSTR2,0,1,1,1,1,0,1
NCT05963867,A Study to Test How BI 764532 is Taken up by Tumours in People With Small-cell Lung Cancer or Neuroendocrine Cancer,PHASE1,Phase 1,RECRUITING,12,Boehringer Ingelheim,Boehringer Ingelheim,237,1,1,multi_experimental,2,[89zr]zr-bi 764532;bi 764532,[89zr]zr-bi 764532;bi 764532,,,PD-L1,0,1,0,0,0,0,0
NCT05978284,Study of ZG006 in Participants With Small Cell Lung Cancer or Neuroendocrine Carcinoma,PHASE1;PHASE2,Phase 2,RECRUITING,54,"Suzhou Zelgen Biopharmaceuticals Co.,Ltd",Suzhou Zelgen Biopharmaceuticals,49,1,0,multi_experimental,2,zg006,zg006,DLL3,Bispecific Antibody,DLL3,1,1,0,0,0,0,0
NCT06055439,"A Phase 1/2 Study to Evaluate CHM-2101, an Autologous Cadherin 17 Chimeric Antigen Receptor (CAR) T Cell Therapy",PHASE1;PHASE2,Phase 2,RECRUITING,135,Chimeric Therapeutics,Chimeric Therapeutics,2,1,0,single_arm,1,chm-2101 car-t cells,chm-2101 car-t cells,CDH17,CAR-T,,1,1,0,1,0,0,1
NCT06132113,DAREON™-7: A Study to Test How Well Different Doses of BI 764532 in Addition to Chemotherapy Are Tolerated by People With Advanced Neuroendocrine Cancers,PHASE1,Phase 1,ACTIVE_NOT_RECRUITING,65,Boehringer Ingelheim,Boehringer Ingelheim,237,1,1,multi_experimental,6,bi 764532;etoposide,bi 764532;carboplatin;cisplatin;etoposide,DLL3,Bispecific Antibody,,1,1,0,0,0,0,0
NCT06148636,A Safety Study of 212Pb-VMT-alpha-NET in Patients With Neuroendocrine Tumors,EARLY_PHASE1,Phase 1,ACTIVE_NOT_RECRUITING,24,David Bushnell,David Bushnell,2,0,0,multi_experimental,5,[212pb] vmt-α-net;diagnostic test: [203pb] vmt-α-net spect/ct,[212pb] vmt-α-net;diagnostic test: [203pb] vmt-α-net spect/ct,SSTR2,Radiopharmaceutical,SSTR2,0,1,1,0,0,0,1
NCT06157827,A Clinical Trial of LBL-024 Combined With Etoposide and Platinum in Patients With Advanced Neuroendocrine Carcinoma,PHASE1;PHASE2,Phase 2,RECRUITING,178,"Nanjing Leads Biolabs Co.,Ltd",Nanjing Leads Biolabs,19,1,0,active_comparator,2,atezolizumab injection;carboplatin injection;etoposide injection,carboplatin injection;cisplatin injection;etoposide injection;lbl-024 for injection,PD-L1,Bispecific Antibody,PD-L1,1,1,0,0,0,0,0
NCT06283719,"Dose Escalation Study of ZG006 in Participants With Advanced Small Cell Lung Cancer or Neuroendocrine Carcinoma, Followed by Dose Expansion Study in Participants With Advanced Small Cell Lung Cancer",PHASE1;PHASE2,Phase 2,RECRUITING,265,"Suzhou Zelgen Biopharmaceuticals Co.,Ltd",Suzhou Zelgen Biopharmaceuticals,49,1,0,multi_experimental,2,zg006,zg006,DLL3,Bispecific Antibody,DLL3,1,1,0,0,0,1,0
NCT06333314,Dostarlimab for Locally Advanced or Metastatic Cancer (Non-colorectal/Non-endometrial) With Tumor dMMR/MSI,PHASE2,Phase 2,RECRUITING,120,UNICANCER,UNICANCER,64,0,1,active_comparator,2,,dostarlimab,PD-1,Monoclonal Antibody,HER2;MMR;MSI;MSI-H;PD-L1;dMMR,1,0,0,0,1,0,0
NCT06395402,177Lu-DOTATATE Modified Delivery Based on Individualized Dosimetry,PHASE2,Phase 2,RECRUITING,120,University of Iowa,University of Iowa,11,0,1,active_comparator,2,lutetium lu 177 dotatate therapy,lutetium lu 177 dotatate therapy,SSTR2,Radiopharmaceutical,SSTR2,0,1,0,1,0,0,1
NCT06398444,A Clinical Study of Lutetium[177Lu] Oxodotreotide Injection in Patients With Advanced Neuroendocrine Neoplasms,PHASE2;PHASE3,Phase 3,RECRUITING,85,Sinotau Pharmaceutical Group,Sinotau Pharmaceutical,6,1,0,single_arm,1,lutetium[177lu] oxodotreotide injection,lutetium[177lu] oxodotreotide injection,SSTR2,Radiopharmaceutical,MET;Somatostatin Receptor,0,1,1,1,0,0,1
NCT06429397,Anlotinib Combined With Benmelstobart for Advanced Pheochromocytoma,PHASE2,Phase 2,NOT_YET_RECRUITING,22,Sun Yat-sen University,Sun Yat-sen University,73,0,0,single_arm,1,anlotinib and benmelstobart,anlotinib and benmelstobart,PD-1,Monoclonal Antibody,PD-L1,1,1,0,0,0,0,0
NCT06440057,"Dose Escalation Study of ZG006 in Participants With Advanced Small Cell Lung Cancer or Neuroendocrine Carcinoma, Followed by Dose Expansion Study in Participants With Neuroendocrine Carcinoma.",PHASE1;PHASE2,Phase 2,RECRUITING,78,"Suzhou Zelgen Biopharmaceuticals Co.,Ltd",Suzhou Zelgen Biopharmaceuticals,49,1,0,multi_experimental,2,zg006,zg006,DLL3,Bispecific Antibody,DLL3,1,1,0,0,0,0,0
NCT06505824,"A Study of BL-M14D1 in Patients With Locally Advanced or Metastatic Small Cell Lung Cancer, Neuroendocrine Tumors and Other Solid Tumors",PHASE1,Phase 1,RECRUITING,22,"Sichuan Baili Pharmaceutical Co., Ltd.",Sichuan Baili Pharmaceutical,127,1,0,single_arm,1,bl-m14d1,bl-m14d1,DLL3,ADC,,1,1,0,0,0,0,0
NCT06577987,Safety/Efficacy Study of CID-078 in Patients With Advanced Solid Tumor Malignancies,PHASE1,Phase 1,ACTIVE_NOT_RECRUITING,220,Circle Pharma,Circle Pharma,1,1,0,single_arm,1,cid-078 monotherapy,cid-078 monotherapy,CDK2,Small Molecule,genomic,0,1,0,0,0,1,0
NCT06732505,A Phase I Study to Assess the Safety and Efficacy of [225Ac]Ac-DOTATATE in Patients With SSTR+ GEP-Nens,PHASE1,Phase 1,RECRUITING,36,Peking University Cancer Hospital & Institute,Peking University Cancer Hospital & Institute,11,0,0,single_arm,1,[225ac]ac-dotatate,[225ac]ac-dotatate,SSTR,Radiopharmaceutical,SSTR,0,1,1,0,0,0,1
NCT06784752,Study to Evaluate the Efficacy and Safety of [177Lu]Lu-DOTA-TATE in Patients With Grade 1 and Grade 2 Advanced GEP-NET,PHASE3,Phase 3,RECRUITING,240,Novartis Pharmaceuticals,Novartis,836,1,1,active_comparator,2,octreotide lar,[177lu]lu-dota-tate;octreotide lar,SSTR2,Radiopharmaceutical,SSTR,0,1,1,1,0,0,1
NCT06805825,A Study of the c-Kit Specific Antibody-Drug Conjugate NN3201 for Advanced and/or Metastatic Solid Tumors Known to Express c-Kit,PHASE1,Phase 1,RECRUITING,67,"Novelty Nobility, Inc.",Novelty Nobility,1,1,0,multi_experimental,4,nn3201,nn3201,KIT,ADC,C-KIT;MET,1,1,0,0,0,1,0
NCT06816394,Tarlatamab for Advanced Extrapulmonary Small Cell Carcinoma and Neuroendocrine Carcinoma (TAURUS),PHASE2,Phase 2,RECRUITING,32,National Taiwan University Hospital,National Taiwan University Hospital,22,0,1,single_arm,1,tarlatamab,tarlatamab,DLL3,Bispecific Antibody,DLL3,1,1,0,0,0,0,0
NCT06926634,Zanzalintinib Maintenance in Patients With High Grade Neuroendocrine Neoplasms (HG-NENs),PHASE2,Phase 2,RECRUITING,32,Washington University School of Medicine,Washington University School of Medicine,178,0,0,single_arm,1,zanzalintinib,zanzalintinib,EGFR,Small Molecule,MET;PD-L1;PR,0,1,0,1,0,0,1
NCT06940518,Phase II Trial of Ivonescimab in Previously Treated Patients With Advanced Clear Cell Renal Cell Carcinoma,PHASE2,Phase 2,RECRUITING,40,M.D. Anderson Cancer Center,M.D. Anderson Cancer Center,697,0,0,multi_experimental,2,ivonescimab,ivonescimab,EGFR,Monoclonal Antibody,BRAF;MSS;pMMR,1,1,0,0,0,0,0
NCT06943521,A Study of MT-4561 in Patients With Various Advanced Solid Tumors,PHASE1;PHASE2,Phase 2,RECRUITING,27,"Tanabe Pharma America, Inc.",Tanabe Pharma America,3,1,0,single_arm,1,mt-4561,mt-4561,BRD4,Small Molecule,,0,1,0,0,0,0,0
NCT07006727,Phase I Study of [225Ac]Ac-ETN029 in Patients With Advanced DLL3-expressing Solid Tumors,PHASE1,Phase 1,RECRUITING,123,Novartis Pharmaceuticals,Novartis,836,1,1,single_arm,1,111in-etn029;225ac-etn029,111in-etn029;225ac-etn029,DLL3,Radiopharmaceutical,DLL3;PD-L1,0,1,0,0,0,0,0
NCT07038096,ZG006 and ZG005 in Participants With Small Cell Lung Cancer or Neuroendocrine Carcinoma,PHASE1;PHASE2,Phase 2,RECRUITING,350,"Suzhou Zelgen Biopharmaceuticals Co.,Ltd",Suzhou Zelgen Biopharmaceuticals,49,1,0,multi_experimental,3,zg005;zg006,zg005;zg006,DLL3,Bispecific Antibody,DLL3,1,1,0,0,0,0,0
NCT07061080,Refractory Advanced diGestive Neuroendocrine Carcinomas Treated With tARlatamab,PHASE2,Phase 2,TERMINATED,1,Grupo Espanol de Tumores Neuroendocrinos,Grupo Espanol de Tumores Neuroendocrinos,10,0,1,active_comparator,2,tarlatamab,standard of care second-line chemotherapy (folfiri);tarlatamab,DLL3,Bispecific Antibody,DLL3,1,1,0,1,1,1,1
NCT07080242,Evaluating BL-M14D1 in Subjects With Locally Advanced or Metastatic Small Cell Lung Cancer and Neuroendocrine Tumors,PHASE1,Phase 1,RECRUITING,120,SystImmune Inc.,SystImmune,7,1,0,single_arm,1,bl-m14d1,bl-m14d1,DLL3,ADC,,1,1,0,0,0,1,0
NCT07087054,Carcinoid Syndrome Efficacy Study Featuring an Oral Daily Paltusotine Regimen,PHASE3,Phase 3,RECRUITING,141,Crinetics Pharmaceuticals Inc.,Crinetics Pharmaceuticals,4,1,0,placebo_comparator,2,,paltusotine,SSTR2,Small Molecule,SSTR2,0,0,1,0,0,1,1
NCT07129252,A Study to Investigate Safety and Effectiveness of CRN09682 in Participants With SST2-Expressing NENs and Other Solid Tumors,PHASE1;PHASE2,Phase 2,RECRUITING,150,Crinetics Pharmaceuticals Inc.,Crinetics Pharmaceuticals,4,1,0,multi_experimental,5,crn09682,crn09682,SST2,ADC,SST2,1,1,0,0,0,0,0
NCT07165132,Study of RYZ401 in Subjects With Solid Tumors Expressing SSTRs.,PHASE1,Phase 1,RECRUITING,104,"RayzeBio, Inc.",RayzeBio,7,1,0,single_arm,1,ryz401,ryz401,SSTR,Radiopharmaceutical,Somatostatin Receptors,0,1,1,0,0,0,1
NCT07165886,Sirolimus for Injection (Albumin Bound) Combined With Octreotide Long-acting Injection in Patients With Metastatic Gastroenteropancreatic Neuroendocrine Tumors,PHASE2;PHASE3,Phase 3,RECRUITING,298,"CSPC ZhongQi Pharmaceutical Technology Co., Ltd.",CSPC ZhongQi Pharmaceutical Technology,92,1,0,active_comparator,3,everolimus,octreotide long-acting injection;sirolimus for injection (albumin bound),mTOR,Small Molecule,,0,1,1,0,0,0,1
NCT07174583,A Study of IDE849 in Patients With DLL3 Expressing Tumors Including Small Cell Lung Cancer,PHASE1;PHASE2,Phase 2,RECRUITING,262,IDEAYA Biosciences,IDEAYA Biosciences,11,1,0,multi_experimental,9,ide849,carboplatin;durvalumab;ide161;ide849,DLL3,Monoclonal Antibody,DLL3;PD-L1;biomarker,1,1,0,0,0,0,0
NCT07278479,Study of [212Pb]Pb-DOTAM-MAM279 ([212Pb]Pb-MP0712) in Patients With Small Cell Lung Cancer and Other DLL3 Expressing Solid Tumors,PHASE1;PHASE2,Phase 2,RECRUITING,138,Molecular Partners AG,Molecular Partners,7,1,0,single_arm,1,[203pb]pb-mp0712;[212pb]pb-mp0712,[203pb]pb-mp0712;[212pb]pb-mp0712,DLL3,Radiopharmaceutical,DLL3,0,1,0,0,0,1,0
NCT07282587,Study of ONC206 (JZP3507) in Advanced Pheochromocytoma and Paraganglioma,PHASE2,Phase 2,RECRUITING,90,Jazz Pharmaceuticals,Jazz Pharmaceuticals,59,1,0,multi_experimental,3,,onc206;onc206: dose 1;onc206: dose 2,ClpP,Small Molecule,DR5,0,1,0,0,0,0,0
NCT07366658,"Safety, Tolerability and Preliminary Efficacy of NEUK203-13 in Refractory Neuroendocrine Tumor Patients",PHASE1,Phase 1,RECRUITING,9,"Cancer Institute and Hospital, Chinese Academy of Medical Sciences","Cancer Institute and Hospital, Chinese Academy of Medical Sciences",24,0,0,single_arm,1,biological/vaccine: nk cell therapy product derived from induced pluripotent stem cells (ipscs) engineered with anti-dll3 car construct;followed by differentiation and expansion,biological/vaccine: nk cell therapy product derived from induced pluripotent stem cells (ipscs) engineered with anti-dll3 car construct;followed by differentiation and expansion,DLL3,CAR-T,PD-L1;biomarker;biomarker analysis,1,1,0,0,0,0,0
NCT07369505,Sapu003 in Advanced mTOR-sensitive Solid Tumors,PHASE1,Phase 1,RECRUITING,27,SAPU NANO (US) LLC,SAPU NANO (US),1,1,0,multi_experimental,2,sapu003,exemestane;sapu003,HER2,,HER2,0,1,0,0,0,0,0
NCT07488923,"A First-in-human (FIH), Phase 1 Study of ML261, an Autologous Potency Enhanced Anti-DLL3 CAR T Cell Therapy, in Participants With R/R SCLC or Select NECs (SPECTRAL-1)",PHASE1,Phase 1,RECRUITING,110,"Moonlight Bio, Inc",Moonlight Bio,1,1,0,single_arm,1,ml261,ml261,DLL3,CAR-T,DLL3,1,1,0,0,0,1,0
NCT07517198,Dose Determining Study of EXS74539 (REC-4539) in Participants With Select Solid Tumors,PHASE1,Phase 1,RECRUITING,40,"Exscientia AI Ltd., a wholly owned subsidiary of Recursion Pharmaceuticals, Inc.","Exscientia AI Ltd., a wholly owned subsidiary of Recursion Pharmaceuticals",3,1,0,single_arm,1,exs74539,exs74539,LSD1,Small Molecule,,0,1,0,0,0,1,0
NCT07544654,DAREON®-NEC-1: A Study in People With Advanced Extrapulmonary Neuroendocrine Cancer (epNEC) to Compare Obrixtamig Plus Carboplatin and Etoposide Treatment With Standard Chemotherapy,PHASE3,Phase 3,RECRUITING,390,Boehringer Ingelheim,Boehringer Ingelheim,237,1,1,active_comparator,2,carboplatin;device: ventana dll3 rxdx assay;etoposide,carboplatin;device: ventana dll3 rxdx assay;etoposide;obrixtamig,DLL3,Monoclonal Antibody,DLL3;PD-L1,1,1,0,1,1,0,1
NCT07595913,A Study of ZG006 for Injection Versus Investigator-Selected Chemotherapy in Participants With Advanced Neuroendocrine Carcinoma,PHASE3,Phase 3,NOT_YET_RECRUITING,240,"Suzhou Zelgen Biopharmaceuticals Co.,Ltd",Suzhou Zelgen Biopharmaceuticals,49,1,0,active_comparator,2,calcium folinate and irinotecan;fluorouracil,zg006,DLL3,Bispecific Antibody,DLL3,1,1,0,0,0,1,0
NCT07640737,AUR103 Calcium in Advanced Neuroendocrine Tumours (BHARAT-3 Study),PHASE2,Phase 2,NOT_YET_RECRUITING,30,Aurigene Discovery Technologies Limited,Aurigene Discovery Technologies,10,1,0,single_arm,1,aur103 calcium,aur103 calcium,HER2,ADC,HER2,1,1,0,0,0,1,0
NCT07684170,Study of CTX-471 in Patients With Neural Cell Adhesion Molecule (NCAM) Positive Neuroendocrine Neoplasms,PHASE2,Phase 2,NOT_YET_RECRUITING,58,Compass Therapeutics,Compass Therapeutics,6,1,0,multi_experimental,2,ctx-471,ctx-471,,Cell Therapy,,1,1,0,1,0,0,1
NCT07707895,DAREON®-36: A Study to Test Obrixtamig in Combination With ZL-1310 in People With Advanced Small Cell Lung Cancer or Other Neuroendocrine Cancers,PHASE1;PHASE2,Phase 2,NOT_YET_RECRUITING,60,Boehringer Ingelheim,Boehringer Ingelheim,237,1,1,multi_experimental,3,obrixtamig;zl-1310,atezolizumab;obrixtamig;zl-1310,,,,0,1,0,0,0,1,0
NCT07713732,TLN-499 in Combination With Venetoclax in Patients With Relapsed/Refractory Solid Tumors,PHASE1,Phase 1,NOT_YET_RECRUITING,120,"Treeline Biosciences, Inc.",Treeline Biosciences,4,1,0,single_arm,1,tln-499;venetoclax,tln-499;venetoclax,BCL2,,,0,1,0,0,0,1,0
NCT07714551,Zanzalintinib in Unresectable and Progressive MPGGs,PHASE2,Phase 2,NOT_YET_RECRUITING,14,Dana-Farber Cancer Institute,Dana-Farber Cancer Institute,326,0,0,single_arm,1,zanzalintinib,zanzalintinib,EGFR,Small Molecule,PD-L1,0,1,0,0,0,0,0
NCT07720193,A Trial of LBL-024 Combined With Platinum-based Chemotherapy for the Treatment of Advanced EP-NEC,PHASE3,Phase 3,NOT_YET_RECRUITING,280,"Nanjing Leads Biolabs Co.,Ltd",Nanjing Leads Biolabs,19,1,0,active_comparator,2,carboplatin injection;cisplatin injection;etoposide injection;lbl-024 placebo for injection,carboplatin injection;cisplatin injection;etoposide injection;lbl-024 for injection,PD-1,Monoclonal Antibody,PD-L1,1,1,0,0,0,0,0
NCT07743138,STOMP OUT: A Phase 2 Study To Evaluate The Effects Of Ivonescimab In Patients With Unresectable/Metastatic Adrenocortical Carcinoma (ACC) Or Unresectable Pheochromocytoma/Paraganglioma (PPGL),PHASE2,Phase 2,NOT_YET_RECRUITING,20,M.D. Anderson Cancer Center,M.D. Anderson Cancer Center,697,0,0,multi_experimental,2,ivonescimab,ivonescimab,EGFR,Monoclonal Antibody,BRAF;MSS;pMMR,1,1,0,0,0,0,0
