nct_id,brief_title,phase,phase_simple,overall_status,enrollment,lead_sponsor,company,sponsor_scale,is_industry,is_big_pharma,arm_structure,n_arms,comparator_B,experimental_A,targets,modalities,biomarkers_pipeline,tme_relevant,is_combination,PD-L1,translocation,first_line,later_line,biomarker_selected,biomarker_detail,elig_summary
NCT00470223,Combined Chemotherapy With or Without Zoledronic Acid for Patients With Osteosarcoma,PHASE3,Phase 3,ACTIVE_NOT_RECRUITING,318,UNICANCER,UNICANCER,64,0,1,active_comparator,2,cisplatin;conventional surgery;doxorubicin hydrochloride;etoposide;ifosfamide;methotrexate,cisplatin;conventional surgery;doxorubicin hydrochloride;etoposide;ifosfamide;methotrexate;zoledronic acid,Topoisomerase II,Small Molecule,,0,1,0,0,0,0,0,,metastatic · small-cell
NCT01189643,"Irinotecan, Temozolomide and Bevacizumab in Combination With Existing High Dose Alkylator Based Chemotherapy for Treatment of Newly Diagnosed Patients With Desmoplastic Small Round Cell Tumor",EARLY_PHASE1,Phase 1,ACTIVE_NOT_RECRUITING,15,Memorial Sloan Kettering Cancer Center,Memorial Sloan Kettering Cancer Center,411,0,1,single_arm,1,and bevacizumab incorporated into an existing schedule of high dose alkylator;irinotecan;temozolomide,and bevacizumab incorporated into an existing schedule of high dose alkylator;irinotecan;temozolomide,TOP1,Small Molecule,,0,1,0,0,1,0,0,,metastatic · 1st-line
NCT02301039,SARC028: A Phase II Study of the Anti-PD1 Antibody Pembrolizumab (MK-3475) in Patients With Advanced Sarcomas,PHASE2,Phase 2,COMPLETED,144,Sarcoma Alliance for Research through Collaboration,Sarcoma Alliance for Research through Collaboration,11,0,1,multi_experimental,3,pembrolizumab,pembrolizumab,PD-1,Monoclonal Antibody,MET;PD-L1,1,1,1,0,0,0,1,PD-L1+,metastatic · measurable (RECIST)
NCT02523040,Lenalidomide for Adult Histiocyte Disorders,PHASE2,Phase 2,ACTIVE_NOT_RECRUITING,12,Dana-Farber Cancer Institute,Dana-Farber Cancer Institute,326,0,0,single_arm,1,lenalidomide,lenalidomide,IMiD,Small Molecule,Del(5q),0,1,0,0,0,1,0,,2nd-line+
NCT02846987,Study of Abemaciclib in Dedifferentiated Liposarcoma,PHASE2,Phase 2,ACTIVE_NOT_RECRUITING,33,Memorial Sloan Kettering Cancer Center,Memorial Sloan Kettering Cancer Center,411,0,1,single_arm,1,abemaciclib,abemaciclib,ER,Small Molecule,ER;HER2,0,1,0,0,0,0,0,,metastatic · measurable (RECIST)
NCT02869217,Study of TBI-1301 (NY-ESO-1 Specific TCR Gene Transduced Autologous T Lymphocytes) in Patients With Solid Tumors,PHASE1,Phase 1,ACTIVE_NOT_RECRUITING,22,"University Health Network, Toronto","University Health Network, Toronto",91,0,0,multi_experimental,2,cyclophosphamide;fludarabine;tbi-1301,cyclophosphamide;fludarabine;tbi-1301,NY-ESO-1,Cell Therapy,HLA-A*02:01;HLA-A*02:06;MET;NY-ESO-1,1,1,0,0,0,0,0,,metastatic · ductal · measurable (RECIST)
NCT03016819,"Phase III Trial of Anlotinib, Catequentinib in Advanced Alveolar Soft Part Sarcoma, Leiomyosarcoma, Synovial Sarcoma (APROMISS)",PHASE3,Phase 3,RECRUITING,325,"Advenchen Laboratories, LLC",Advenchen Laboratories,5,1,0,active_comparator,7,al3818;dacarbazine;digoxin (0.;midazolam;rosuvastatin,al3818;dacarbazine,VEGF/VEGFR,Small Molecule,,0,1,0,0,1,1,0,,metastatic · 1st-line · measurable (RECIST)
NCT03069378,A Study of Talimogene Laherparepvec (T-VEC) in Combination With Pembrolizumab in Patients With Metastatic and/or Locally Advanced Sarcoma,PHASE2,Phase 2,ACTIVE_NOT_RECRUITING,41,Memorial Sloan Kettering Cancer Center,Memorial Sloan Kettering Cancer Center,411,0,1,single_arm,1,pembrolizumab;talimogene laherparepvec (t-vec),pembrolizumab;talimogene laherparepvec (t-vec),PD-1,Monoclonal Antibody,PD-L1,1,1,0,0,1,1,0,,metastatic · 1st-line · ECOG 0
NCT03092323,A Randomized Trial of Pembrolizumab & Radiotherapy Versus Radiotherapy in High-Risk Soft Tissue Sarcoma of the Extremity,PHASE2,Phase 2,ACTIVE_NOT_RECRUITING,126,Sarcoma Alliance for Research through Collaboration,Sarcoma Alliance for Research through Collaboration,11,0,1,multi_experimental,2,pembrolizumab,pembrolizumab,PD-1,Monoclonal Antibody,MET;PD-L1,1,1,1,0,0,0,1,PD-L1+,metastatic
NCT03132922,MAGE-A4ᶜ¹º³²T for Multi-Tumor,PHASE1,Phase 1,ACTIVE_NOT_RECRUITING,71,"USWM CT, LLC",USWM CT,8,1,0,multi_experimental,2,,autologous genetically modified mage-a4c1032t cells combined with low dose radiation;autologous genetically modified mage-a4ᶜ¹º³²t cells,MAGE-A4,Cell Therapy,HLA-A2;MAGE-A4,1,1,0,0,0,0,0,,metastatic · measurable (RECIST)
NCT03414229,"A Study of Epacadostat, an IDO1 Inhibitor, in Combination With Pembrolizumab in Patients With Metastatic and/or Locally Advanced Sarcoma",PHASE2,Phase 2,ACTIVE_NOT_RECRUITING,30,Memorial Sloan Kettering Cancer Center,Memorial Sloan Kettering Cancer Center,411,0,1,multi_experimental,4,epacadostat;pembrolizumab,epacadostat;pembrolizumab,PD-1,Monoclonal Antibody,PD-L1,1,1,1,0,0,1,1,PD-L1+,metastatic · 2nd-line+ · measurable (RECIST) · ECOG 0
NCT03449108,"LN-145 or LN-145-S1 in Treating Patients With Relapsed or Refractory Ovarian Cancer, Triple Negative Breast Cancer (TNBC), Anaplastic Thyroid Cancer, Osteosarcoma, or Other Bone and Soft Tissue Sarcomas",PHASE2,Phase 2,ACTIVE_NOT_RECRUITING,30,M.D. Anderson Cancer Center,M.D. Anderson Cancer Center,697,0,0,multi_experimental,2,aldesleukin;autologous tumor infiltrating lymphocytes ln-145;cyclophosphamide;fludarabine;quality-of-life assessment;questionnaire administration,aldesleukin;autologous tumor infiltrating lymphocytes ln-145;autologous tumor infiltrating lymphocytes ln-145-s1;cyclophosphamide;fludarabine;ipilimumab;nivolumab;quality-of-life assessment;questionnaire administration,,Cell Therapy,ER;HER2;PR,1,1,0,1,1,1,1,fusion+,metastatic · 1st-line · squamous · measurable (RECIST) · ECOG 0
NCT03465592,Trial of Nivolumab Following Partially Human Leukocyte Antigen (HLA) Mismatched BMT in Children & Adults With Sarcoma,PHASE1;PHASE2,Phase 2,RECRUITING,39,Sidney Kimmel Comprehensive Cancer Center at Johns Hopkins,Sidney Kimmel Comprehensive Cancer Center at Johns Hopkins,160,0,1,single_arm,1,nivolumab,nivolumab,PD-1,Monoclonal Antibody,CD30;MET,1,1,0,1,0,1,1,fusion+,metastatic · 2nd-line+
NCT03474094,Clinical and Biological Activity of an Anti-PD-L1 (Atezolizumab) in Operable Localised Soft Tissue Sarcomas Patients to be Treated With Radiotherapy,PHASE2,Phase 2,ACTIVE_NOT_RECRUITING,62,Centre Leon Berard,Centre Leon Berard,30,0,1,active_comparator,3,pre-operative radiotherapy followed by surgery then 2 cycles of atezolizumab.,2 cycles of atezolizumab followed by surgery then post-operative radiotherapy;pre-operative radiotherapy followed by 2 cycles of atezolizumab then surgery,PD-L1,Monoclonal Antibody,PD-L1,1,1,1,1,0,0,1,"PD-L1+, fusion+",metastatic · squamous · ECOG 0
NCT03478462,Dose Escalation Study of CLR 131 in Pediatric Relapsed/Refractory Malignant Tumors Including Neuroblastoma and Sarcomas,PHASE1,Phase 1,ACTIVE_NOT_RECRUITING,30,"Cellectar Biosciences, Inc.",Cellectar Biosciences,11,1,0,single_arm,1,clr 131,clr 131,,Radiopharmaceutical,,0,1,0,1,0,1,1,fusion+,metastatic · 2nd-line+
NCT03548428,Stereotaxic Body Irradiation of Oligometastase in Sarcoma (Stereosarc),PHASE2,Phase 2,RECRUITING,103,Centre Antoine Lacassagne,Centre Antoine Lacassagne,5,0,1,active_comparator,2,sbrt,atezolizumab;sbrt,PD-L1,Monoclonal Antibody,CMMRD;MSI-H;PD-L1;TMB,1,1,1,1,0,0,1,"PD-L1+, fusion+",metastatic · squamous · measurable (RECIST)
NCT03594422,A Study of HQP1351 in Patients With GIST or Other Solid Tumors,PHASE1,Phase 1,RECRUITING,100,Ascentage Pharma Group Inc.,Ascentage Pharma,45,1,0,multi_experimental,4,hqp1351,hqp1351,BCR-ABL,Small Molecule,BCR-ABL,0,1,0,0,1,0,0,,metastatic · 1st-line · ECOG 2
NCT03628209,"Nivolumab or Nivolumab and Azacitidine in Patients With Recurrent, Resectable Osteosarcoma",PHASE1,Phase 1,ACTIVE_NOT_RECRUITING,21,H. Lee Moffitt Cancer Center and Research Institute,H. Lee Moffitt Cancer Center and Research Institute,228,0,1,single_arm,1,azacitidine;nivolumab;post treatment surgery,azacitidine;nivolumab;post treatment surgery,PD-1,Monoclonal Antibody,CD30,1,1,0,0,0,0,0,,metastatic · ECOG 0-1
NCT03673501,A Study of Ripretinib vs Sunitinib in Advanced GIST Patients After Treatment With Imatinib,PHASE3,Phase 3,ACTIVE_NOT_RECRUITING,453,"Deciphera Pharmaceuticals, LLC",Deciphera,17,1,0,active_comparator,2,sunitinib,ripretinib,KIT,Small Molecule,KIT,0,1,0,0,1,0,0,,metastatic · 1st-line · measurable (RECIST)
NCT03678883,9-ING-41 in Patients With Advanced Cancers,PHASE2,Phase 2,ACTIVE_NOT_RECRUITING,350,Actuate Therapeutics Inc.,Actuate Therapeutics,4,1,0,multi_experimental,8,9-ing-41,9-ing-41;carboplatin.;doxorubicin.;gemcitabine - 21 day cycle;gemcitabine - 28 day cycle;irinotecan;lomustine;nab paclitaxel.;paclitaxel.,GSK3B,Small Molecule,HER2,0,1,0,0,1,1,0,,metastatic · 1st-line · measurable (RECIST) · ECOG 0
NCT03709680,Study Of Palbociclib Combined With Chemotherapy In Pediatric Patients With Recurrent/Refractory Solid Tumors,PHASE2,Phase 2,ACTIVE_NOT_RECRUITING,128,Pfizer,Pfizer,687,1,1,active_comparator,4,irinotecan;temozolomide,cyclophosphamide;irinotecan;palbociclib;temozolomide;topotecan,CDK4/6,Small Molecule,ER;HER2;PR,0,1,0,1,0,1,1,fusion+,metastatic · 2nd-line+ · measurable (RECIST) · ECOG 0-1
NCT03715933,Phase 1 Study of INBRX-109 in Subjects With Locally Advanced or Metastatic Solid Tumors Including Sarcomas,PHASE1,Phase 1,RECRUITING,411,"Inhibrx Biosciences, Inc",Inhibrx Biosciences,4,1,0,multi_experimental,14,inbrx-109,bevacizumab;carboplatin;fluorouracil;inbrx-109;irinotecan;leucovorin;pemetrexed;temozolomide;trifluridine + tipiracil,DR5,Monoclonal Antibody,IDH1;IDH2,1,1,0,1,1,1,1,fusion+,metastatic · 1st-line · adenoca. · measurable (RECIST)
NCT03778996,SM-88 Maintenance Therapy for Advanced Ewing's Sarcoma and as Salvage Therapy for Sarcoma,PHASE2,Phase 2,ACTIVE_NOT_RECRUITING,31,"Sarcoma Oncology Research Center, LLC","Sarcoma Oncology Research Center, LLC",3,0,0,multi_experimental,2,combination metyrosine-derivative;low-dose methoxsalen;phenytoin and sirolimus (mps),combination metyrosine-derivative;low-dose methoxsalen;phenytoin and sirolimus (mps),,,PR,0,1,0,0,0,1,0,,metastatic · 2nd-line+ · measurable (RECIST)
NCT03805022,Benefit of Intensified Peri-operative Chemotherapy Within High-risk CINSARC Patients With Resectable Soft-tissue Sarcomas,PHASE3,Phase 3,RECRUITING,351,Institut Bergonié,Institut Bergonié,27,0,1,multi_experimental,3,,at the discretion of the investigator;doxorubicin;ifosfamide or dacarbazine,,Small Molecule,,0,1,0,0,0,0,0,,metastatic · squamous · measurable (RECIST)
NCT03899792,A Study of Oral LOXO-292 (Selpercatinib) in Pediatric Participants With Advanced Solid or Primary Central Nervous System (CNS) Tumors,PHASE1;PHASE2,Phase 2,ACTIVE_NOT_RECRUITING,36,Eli Lilly and Company,Eli Lilly,535,1,1,multi_experimental,3,selpercatinib,selpercatinib,RET,Small Molecule,RET,0,1,0,0,0,0,0,,metastatic · measurable (RECIST)
NCT04028063,Doxorubicin Plus Dual Checkpoint Blockade for Soft Tissue Sarcomas,PHASE2,Phase 2,ACTIVE_NOT_RECRUITING,65,"University of Colorado, Denver","University of Colorado, Denver",46,0,0,multi_experimental,5,doxorubicin,balstilimab;botensilimab;doxorubicin;zalifrelimab,PD-1,Monoclonal Antibody,MSI-H;dMMR,1,1,0,1,0,1,1,fusion+,metastatic · 2nd-line+ · squamous · measurable (RECIST)
NCT04044768,Spearhead 1 Study in Subjects With Advanced Synovial Sarcoma or Myxoid/Round Cell Liposarcoma,PHASE2,Phase 2,ACTIVE_NOT_RECRUITING,52,"USWM CT, LLC",USWM CT,8,1,0,single_arm,1,afamitresgene autoleucel (previously adp-a2m4),afamitresgene autoleucel (previously adp-a2m4),MAGE-A4,Cell Therapy,GD2;HLA-A*02;MAGE-A4,1,1,0,0,0,0,0,,metastatic · measurable (RECIST)
NCT04079179,"Cobimetinib in Refractory Langerhans Cell Histiocytosis (LCH), and Other Histiocytic Disorders",PHASE2,Phase 2,RECRUITING,90,Carl Allen,Carl Allen,1,0,1,multi_experimental,4,cobimetinib,cobimetinib,MEK,Small Molecule,BRAF;MET,0,1,0,1,0,1,1,fusion+,2nd-line+
NCT04165330,Evaluation of AL3818 in Combination With Nivolumab in Solid Tumors,PHASE1;PHASE2,Phase 2,ACTIVE_NOT_RECRUITING,56,"Sarcoma Oncology Research Center, LLC","Sarcoma Oncology Research Center, LLC",3,0,0,single_arm,1,al3818;nivolumab injection,al3818;nivolumab injection,VEGF/VEGFR,Small Molecule,,0,1,0,0,0,0,0,,metastatic · small-cell · measurable (RECIST)
NCT04185883,Sotorasib Activity in Subjects With Advanced Solid Tumors With KRAS p.G12C Mutation (CodeBreak 101),PHASE1,Phase 1,ACTIVE_NOT_RECRUITING,610,Amgen,Amgen,323,1,1,multi_experimental,14,sotorasib,afatinib;amg 404;atezolizumab;bi 1701963;carboplatin;docetaxel;everolimus;iv chemotherapy (regimen 1);iv chemotherapy (regimen 2);mvasi (bevacizumab-awwb);paclitaxel;palbociclib;panitumumab;pembrolizumab;pemetrexed;rmc-4630;sotorasib;tno155;trametinib,MEK,Small Molecule,BRAF;KRAS,0,1,0,0,0,0,0,,metastatic
NCT04273061,Investigating the Effects of Atezolizumab in People Whose Tumour DNA or RNA Indicates Possible Sensitivity,PHASE2,Phase 2,RECRUITING,50,British Columbia Cancer Agency,British Columbia Cancer Agency,21,0,1,multi_experimental,3,atezolizumab,atezolizumab,PD-L1,Monoclonal Antibody,CMMRD;MET;MSI-H;PD-L1;TMB;genomic,1,1,1,1,0,0,1,"PD-L1+, fusion+",metastatic · measurable (RECIST)
NCT04337177,"Flavored, Oral Irinotecan VAL-413 (Orotecan®) Given With Temozolomide for Treatment of Recurrent Pediatric Solid Tumors",PHASE1,Phase 1,ACTIVE_NOT_RECRUITING,20,"Valent Technologies, LLC",Valent Technologies,1,1,0,multi_experimental,3,temozolomide;val-413,temozolomide;val-413,TOP1,Small Molecule,MET,0,1,0,1,0,0,1,fusion+,metastatic
NCT04370587,A Clinical Study of Intratumoral MVR-T3011 (T3011) Given as a Single Agent and in Combination With Intravenous Pembrolizumab in Participants With Advanced or Metastatic Solid Tumors,PHASE1;PHASE2,Phase 2,RECRUITING,30,ImmVira Pharma Co. Ltd,ImmVira Pharma,8,1,0,multi_experimental,5,,t3011;t3011 + pembrolizumab,PD-1,Oncolytic Virus,ALK;EGFR,1,1,1,1,0,0,1,"PD-L1+, fusion+",metastatic · measurable (RECIST)
NCT04383119,Trial in Patients With Metastatic or Locally Advanced Leiomyosarcoma,PHASE2,Phase 2,RECRUITING,100,Italian Sarcoma Group,Italian Sarcoma Group,7,0,0,active_comparator,3,gemcitabine;no intervention: observational cohort,trabectedin,EZH2,Small Molecule,DDX4,0,1,0,0,0,0,0,,metastatic · measurable (RECIST)
NCT04390737,Evaluate the Safety and Clinical Activity of HH2853,PHASE1;PHASE2,Phase 2,RECRUITING,254,"Haihe Biopharma Co., Ltd.",Haihe Biopharma,17,1,0,single_arm,1,hh2853 tablets,hh2853 tablets,EZH1/2,Small Molecule,INI1;MET,0,1,0,1,0,1,1,fusion+,metastatic · 2nd-line+ · measurable (RECIST)
NCT04420975,Nivolumab and BO-112 Before Surgery for the Treatment of Resectable Soft Tissue Sarcoma,PHASE1,Phase 1,ACTIVE_NOT_RECRUITING,14,Jonsson Comprehensive Cancer Center,Jonsson Comprehensive Cancer Center,117,0,0,single_arm,1,definitive surgical resection;nanoplexed poly i:c bo-112;nivolumab;radiation therapy,definitive surgical resection;nanoplexed poly i:c bo-112;nivolumab;radiation therapy,PD-1,Oncolytic Virus,,1,1,0,1,0,0,1,fusion+,
NCT04511871,A Phase I Trial of CCT303-406 in Patients With Relapsed or Refractory HER2 Positive Solid Tumors,PHASE1,Phase 1,ACTIVE_NOT_RECRUITING,12,"Shanghai PerHum Therapeutics Co., Ltd.",Shanghai PerHum Therapeutics,4,1,0,single_arm,1,cct303-406,cct303-406,HER2,CAR-T,HER2,1,1,0,1,0,1,1,fusion+,metastatic · 2nd-line+ · squamous · measurable (RECIST)
NCT04551430,Cabozantinib Combined With PD-1 and CTLA-4 Inhibition in Metastatic Soft Tissue Sarcoma,PHASE2,Phase 2,ACTIVE_NOT_RECRUITING,105,Washington University School of Medicine,Washington University School of Medicine,178,0,1,multi_experimental,3,cabozantinib,cabozantinib;ipilimumab;nivolumab,MET,Small Molecule,PD-L1,0,1,1,1,0,1,1,"PD-L1+, fusion+",metastatic · 2nd-line+ · squamous · measurable (RECIST)
NCT04577014,Retifanlimab (Anti-PD-1 Antibody) With Gemcitabine and Docetaxel in Patients With Advanced Soft Tissue Sarcoma,PHASE1;PHASE2,Phase 2,RECRUITING,98,Memorial Sloan Kettering Cancer Center,Memorial Sloan Kettering Cancer Center,411,0,0,multi_experimental,10,retifanlimab,docetaxel;gemcitabine;retifanlimab,PD-1,Monoclonal Antibody,PD-L1,1,1,0,0,0,0,0,,metastatic · measurable (RECIST)
NCT04599062,TVEC and Preop Radiation for Sarcoma (8 ml Dose),PHASE1;PHASE2,Phase 2,ACTIVE_NOT_RECRUITING,8,John Rieth,John Rieth,3,0,1,active_comparator,2,radiotherapy;talimogene laherparepvec,radiotherapy;talimogene laherparepvec,,Oncolytic Virus,,1,1,0,0,0,0,0,,metastatic · measurable (RECIST)
NCT04673942,A Study of AdAPT-001 in Subjects With Sarcoma and Refractory Solid Tumors,PHASE2,Phase 2,ACTIVE_NOT_RECRUITING,140,"EpicentRx, Inc.",EpicentRx,13,1,0,multi_experimental,4,adapt-001,adapt-001;checkpoint inhibitor;immune,TGF-β,Oncolytic Virus,,1,1,0,0,0,1,0,,advanced · 2nd-line+
NCT04719156,Fluorescent Intra-operative Tumor Margin Examination,PHASE2,Phase 2,RECRUITING,110,Kurt Weiss,Kurt Weiss,1,0,0,single_arm,1,device: stryker spy-phi imaging device;indocyanine green solution administered at 2.,,,,,0,1,0,0,0,0,0,,recurrent
NCT04733183,Efficacy and Safety of L19TNF in Previously Treated Patients with Advanced Stage or Metastatic Soft-tissue Sarcoma,PHASE2,Phase 2,ACTIVE_NOT_RECRUITING,98,Philogen S.p.A.,Philogen S.p.A.,45,1,0,active_comparator,2,dacarbazine,dacarbazine;onfekafusp alfa,TNF,Bispecific Antibody,L19,1,1,0,0,0,0,0,,metastatic · measurable (RECIST) · ECOG 2
NCT04784247,Lenvatinib and Pembrolizumab in People With Advanced Soft Tissue Sarcoma,PHASE2,Phase 2,ACTIVE_NOT_RECRUITING,52,Memorial Sloan Kettering Cancer Center,Memorial Sloan Kettering Cancer Center,411,0,1,multi_experimental,5,lenvatinib;pembrolizumab,lenvatinib;pembrolizumab,VEGF/VEGFR,Small Molecule,PD-L1,0,1,1,1,1,0,1,"PD-L1+, fusion+",metastatic · 1st-line · measurable (RECIST) · ECOG 0-1
NCT04797767,Venetoclax and CLAG-M for the Treatment of Acute Myeloid Leukemia and High-Grade Myeloid Neoplasms,PHASE1;PHASE2,Phase 2,RECRUITING,62,University of Washington,University of Washington,74,0,1,single_arm,1,biospecimen collection;bone marrow aspiration;bone marrow biopsy;cladribine;cytarabine;mitoxantrone;recombinant granulocyte colony-stimulating factor;venetoclax,biospecimen collection;bone marrow aspiration;bone marrow biopsy;cladribine;cytarabine;mitoxantrone;recombinant granulocyte colony-stimulating factor;venetoclax,CD22,Small Molecule,CD22,0,1,0,0,0,1,0,,2nd-line+ · ECOG 2
NCT04802876,Efficacy of Tislelizumab and Spartalizumab Across Multiple Cancer-types in Patients with PD1-high MRNA Expressing Tumors,PHASE2,Phase 2,ACTIVE_NOT_RECRUITING,184,SOLTI Breast Cancer Research Group,SOLTI Breast Cancer Research Group,18,0,1,multi_experimental,3,,spartalizumab;tislelizumab,PD-1,Monoclonal Antibody,BRAF,1,1,1,1,0,0,1,"PD-L1+, fusion+",metastatic · squamous · measurable (RECIST)
NCT04874311,Bintrafusp Alfa and Doxorubicin Hydrochloride in Treating Patients With Advanced Sarcoma,PHASE2,Phase 2,ACTIVE_NOT_RECRUITING,80,Institut Bergonié,Institut Bergonié,27,0,1,multi_experimental,4,bintrafusp alfa;doxorubicin,bintrafusp alfa;doxorubicin,PD-L1,Bispecific Antibody,PD-L1;biomarker,1,1,1,1,0,0,1,"PD-L1+, fusion+",metastatic · squamous · measurable (RECIST) · ECOG 1
NCT04901702,Study of Onivyde With Talazoparib or Temozolomide in Children With Recurrent Solid Tumors and Ewing Sarcoma,PHASE1;PHASE2,Phase 2,RECRUITING,90,St. Jude Children's Research Hospital,St. Jude Children's Research Hospital,44,0,1,active_comparator,2,onivyde;talazoparib;temozolomide,,PARP,Small Molecule,ATM;BRCA1;BRCA2;BRIP1;CDK12;CHEK2;PALB2;RA,0,1,0,1,1,1,1,fusion+,metastatic · 1st-line · measurable (RECIST)
NCT04924075,"Belzutifan/MK-6482 for the Treatment of Advanced Pheochromocytoma/Paraganglioma (PPGL), Pancreatic Neuroendocrine Tumor (pNET), Von Hippel-Lindau (VHL) Disease-Associated Tumors, Advanced Gastrointestinal Stromal Tumor (wt GIST), or Solid Tumors With HIF-2α Related Genetic Alterations (MK-6482-015)",PHASE2,Phase 2,RECRUITING,355,Merck Sharp & Dohme LLC,Merck (MSD),649,1,1,single_arm,1,belzutifan,belzutifan,HIF-2α,Small Molecule,HIF-2α;VHL,0,1,0,0,0,0,0,,metastatic
NCT04968106,Neoadjuvant Chemotherapy and Retifanlimab in Patients With Selected Sarcomas (TORNADO),PHASE2,Phase 2,ACTIVE_NOT_RECRUITING,66,Institut Bergonié,Institut Bergonié,27,0,0,multi_experimental,2,doxorubicin;ifosfamide;incmga00012,doxorubicin;ifosfamide;incmga00012,PD-1,Monoclonal Antibody,PD-L1,1,1,0,1,0,0,1,fusion+,metastatic · squamous · measurable (RECIST) · ECOG 1
NCT04969835,"A Study Evaluating the Safety, Pharmacokinetics and Early Efficacy of AVA6000 in Solid Tumours",PHASE1,Phase 1,RECRUITING,158,Avacta Life Sciences Ltd,Avacta Life Sciences,2,1,0,multi_experimental,4,ava6000,ava6000,FAP,ADC,FAP;PR,1,1,0,1,1,1,1,fusion+,metastatic · 1st-line · measurable (RECIST)
NCT04999761,AB122 Platform Study,PHASE1,Phase 1,RECRUITING,917,"Taiho Pharmaceutical Co., Ltd.",Taiho,86,1,0,multi_experimental,18,ab122,ab122;ab154;bevacizumab;carboplatin;cisplatin;fluorouracil;gemcitabine;nab-paclitaxel;ramucirumab;tas-115;tas-116;tas-120;trifluridine/tipiracil,PD-1,Monoclonal Antibody,KRAS;MET;PD-L1,1,1,1,1,1,1,1,"PD-L1+, fusion+",metastatic · 1st-line · adenoca.
NCT05000294,Atezolizumab Plus Tivozanib in Immunologically Cold Tumor Types,PHASE1;PHASE2,Phase 2,RECRUITING,29,University of Florida,University of Florida,28,0,1,single_arm,1,atezolizumab;tivozanib,atezolizumab;tivozanib,PD-L1,Monoclonal Antibody,CMMRD;HER2;MET;MSI;MSI-H;PD-L1;TMB;dMMR,1,1,1,1,0,0,1,"PD-L1+, fusion+",metastatic · adenoca. · measurable (RECIST)
NCT05075993,Study of LVGN3616 and LVGN6051±LVGN7409 in Combination With Nab-Paclitaxel or Bevacizumab and Cyclophosphamide in Metastatic Solid Tumors,PHASE1,Phase 1,ACTIVE_NOT_RECRUITING,352,M.D. Anderson Cancer Center,M.D. Anderson Cancer Center,697,0,0,multi_experimental,4,lvgn3616 + lvgn6051 + bevacizumab + cyclophosphamide;lvgn3616 + lvgn6051 + lvgn7409 + bevacizumab + cyclophosphamide;lvgn3616 + lvgn6051 + lvgn7409 + nab-paclitaxel;lvgn3616 + lvgn6051 + nab-paclitaxel,lvgn3616 + lvgn6051 + bevacizumab + cyclophosphamide;lvgn3616 + lvgn6051 + lvgn7409 + bevacizumab + cyclophosphamide;lvgn3616 + lvgn6051 + lvgn7409 + nab-paclitaxel;lvgn3616 + lvgn6051 + nab-paclitaxel,,,PD-L1;molecular profiling,0,1,1,0,0,1,1,PD-L1+,metastatic · 2nd-line+ · measurable (RECIST)
NCT05099666,Lurbinectedin + Doxorubicin In Leiomyosarcoma,PHASE1;PHASE2,Phase 2,ACTIVE_NOT_RECRUITING,62,Massachusetts General Hospital,Massachusetts General Hospital,170,0,0,active_comparator,3,doxorubicin,doxorubicin;lurbinectedin,EZH2,Small Molecule,EZH2,0,1,0,1,0,1,1,fusion+,metastatic · 2nd-line+ · measurable (RECIST)
NCT05135975,A Study of Cabozantinib as a Maintenance Agent to Prevent Progression or Recurrence in High-Risk Pediatric Solid Tumors,PHASE2,Phase 2,RECRUITING,86,Nationwide Children's Hospital,Nationwide Children's Hospital,6,0,0,single_arm,1,cabozantinib,cabozantinib,MET,Small Molecule,PD-L1,0,1,0,1,0,0,1,fusion+,metastatic · measurable (RECIST) · ECOG 0-1
NCT05180695,HDM201 and Pazopanib in Patients With P53 Wild-type Advanced/Metastatic Soft Tissue Sarcomas,PHASE1;PHASE2,Phase 2,ACTIVE_NOT_RECRUITING,47,Centre Leon Berard,Centre Leon Berard,30,0,1,multi_experimental,2,hdm201;pazopanib,hdm201;pazopanib,VEGF/VEGFR,Small Molecule,,0,1,0,1,0,1,1,fusion+,metastatic · 2nd-line+ · squamous · measurable (RECIST)
NCT05182164,Combination of Pembrolizumab and Cabozantinib in Patients With Advanced Sarcomas,PHASE2,Phase 2,RECRUITING,119,Institut Bergonié,Institut Bergonié,27,0,1,multi_experimental,3,association of pembrolizumab + cabozantinib,association of pembrolizumab + cabozantinib,PD-1,Monoclonal Antibody,PD-L1,1,1,1,0,0,1,1,PD-L1+,metastatic · 2nd-line+ · squamous · measurable (RECIST)
NCT05208047,(Peak) A Phase 3 Randomized Trial of CGT9486+Sunitinib vs. Sunitinib in Subjects With Gastrointestinal Stromal Tumors,PHASE3,Phase 3,RECRUITING,482,"Cogent Biosciences, Inc.",Cogent Biosciences,11,1,0,active_comparator,7,sunitinib,cgt9486;midazolam;sunitinib,KIT,Small Molecule,KIT,0,1,0,0,0,0,0,,metastatic · measurable (RECIST)
NCT05238883,A Study of HFB200301 as a Single Agent and in Combination With Tislelizumab in Adult Patients With Advanced Solid Tumors,PHASE1,Phase 1,ACTIVE_NOT_RECRUITING,72,HiFiBiO Therapeutics,HiFiBiO Therapeutics,3,1,0,multi_experimental,4,hfb200301,hfb200301;tislelizumab,TNFR2,Monoclonal Antibody,BRAF,1,1,0,0,0,0,0,,metastatic · squamous · measurable (RECIST)
NCT05245968,A Study of Pimitespib in Combination With Imatinib in Patients With GIST (CHAPTER-GIST-101),PHASE1,Phase 1,ACTIVE_NOT_RECRUITING,78,"Taiho Pharmaceutical Co., Ltd.",Taiho,86,1,0,multi_experimental,4,,imatinib;pimitespib;sunitinib,BCR-ABL,Small Molecule,BCR-ABL,0,1,0,0,0,0,0,,advanced · measurable (RECIST)
NCT05301283,"Habitat Escalated Adaptive Therapy (HEAT), With Neoadjuvant Radiation for Soft Tissue Sarcoma",PHASE2,Phase 2,RECRUITING,43,H. Lee Moffitt Cancer Center and Research Institute,H. Lee Moffitt Cancer Center and Research Institute,228,0,0,single_arm,1,diagnostic test: mri;intensity modulated radiation therapy (imrt),diagnostic test: mri;intensity modulated radiation therapy (imrt),,,,0,1,0,0,0,0,0,,metastatic · measurable (RECIST)
NCT05352750,Phase 1 Study of SON-1010 in Adult Patients With Advanced Solid Tumors,PHASE1,Phase 1,ACTIVE_NOT_RECRUITING,42,Sonnet BioTherapeutics,Sonnet BioTherapeutics,2,1,0,multi_experimental,7,son-1010,son-1010,IL12,Monoclonal Antibody,,1,1,0,1,0,1,1,fusion+,metastatic · 2nd-line+ · squamous · measurable (RECIST)
NCT05361954,Study to Assess the Safety and Preliminary Efficacy of STI-1386 Oncolytic Virus in Relapsed or Refractory Solid Tumors,PHASE1,Phase 1,NOT_YET_RECRUITING,36,"Sorrento Therapeutics, Inc.",Sorrento Therapeutics,18,1,0,single_arm,1,sti-1386,sti-1386,,Oncolytic Virus,,1,1,0,0,0,1,0,,metastatic · 2nd-line+ · squamous · measurable (RECIST)
NCT05407441,Tazemetostat+Nivo/Ipi in INI1-Neg/SMARCA4-Def Tumors,PHASE1;PHASE2,Phase 2,ACTIVE_NOT_RECRUITING,49,"Susan Chi, MD","Susan Chi, MD",1,0,1,multi_experimental,8,ipilimumab;nivolumab;tazemetostat,ipilimumab;nivolumab;tazemetostat,PD-1,Monoclonal Antibody,CD30;PD-L1,1,1,1,1,0,1,1,"PD-L1+, fusion+",metastatic · 2nd-line+ · measurable (RECIST)
NCT05440786,CAMPFIRE: A Study of Abemaciclib (LY2835219) in Participants With Ewing's Sarcoma,PHASE2,Phase 2,ACTIVE_NOT_RECRUITING,46,Eli Lilly and Company,Eli Lilly,535,1,1,multi_experimental,2,irinotecan;temozolomide,abemaciclib;irinotecan;temozolomide,ER,Small Molecule,ER;HER2,0,1,0,0,0,1,0,,2nd-line+ · measurable (RECIST)
NCT05489237,First-in-human Study of IDRX-42 in Participants With Metastatic and/or Unresectable Gastrointestinal Stromal Tumors,PHASE1,Phase 1,ACTIVE_NOT_RECRUITING,276,"IDRX, Inc., a wholly owned subsidiary of GSK, LLC",GSK,468,1,1,multi_experimental,5,idrx-42,idrx-42,KIT,Small Molecule,KIT;MET,0,1,0,0,1,1,0,,metastatic · 1st-line · measurable (RECIST)
NCT05492682,START: Safety and Anti-Tumor Activity of PeptiCRAd-1 in Treatment of Cancer,PHASE1,Phase 1,RECRUITING,15,Valo Therapeutics Oy,Valo Therapeutics,1,1,0,multi_experimental,2,cyclophosphamide;pembrolizumab;pepticrad-1,cyclophosphamide;pembrolizumab;pepticrad-1,NY-ESO-1,Oncolytic Virus,MAGE-A3;NY-ESO-1,1,1,1,0,0,1,1,PD-L1+,metastatic · 2nd-line+ · squamous · measurable (RECIST)
NCT05515575,A Study of Niraparib in People With Soft Tissue Sarcoma Who Have Changes in Their Tumor DNA,PHASE2,Phase 2,ACTIVE_NOT_RECRUITING,8,Memorial Sloan Kettering Cancer Center,Memorial Sloan Kettering Cancer Center,411,0,1,single_arm,1,niraparib,niraparib,PARP,Small Molecule,BRCA1;BRCA2;HRD,0,1,0,1,1,0,1,fusion+,metastatic · 1st-line · measurable (RECIST) · ECOG 2
NCT05642455,SPEARHEAD-3 Pediatric Study,PHASE1;PHASE2,Phase 2,RECRUITING,20,"USWM CT, LLC",USWM CT,8,1,0,single_arm,1,afamitresgene autoleucel,afamitresgene autoleucel,MAGE-A4,CAR-T,MAGE-A4,1,1,0,0,0,0,0,,metastatic · measurable (RECIST) · ECOG 0
NCT05688280,"Intratumoral Injection of IP-001 Following Thermal Ablation in Patients With CRC, NSCLC, and STS",PHASE1;PHASE2,Phase 2,ACTIVE_NOT_RECRUITING,42,"Immunophotonics, Inc.",Immunophotonics,2,1,0,multi_experimental,3,1.0% ip-001 for injection,1.0% ip-001 for injection,,Oncolytic Virus,,1,1,0,1,1,0,1,fusion+,metastatic · 1st-line · measurable (RECIST)
NCT05734066,Study of Lurbinectedin Monotherapy in Pediatric and Young Adult Participants With Relapsed/Refractory Ewing Sarcoma,PHASE1;PHASE2,Phase 2,RECRUITING,60,Jazz Pharmaceuticals,Jazz Pharmaceuticals,59,1,0,multi_experimental,3,lurbinectedin,lurbinectedin,RNA Pol II,Small Molecule,EZH2;SLFN11,0,1,0,1,0,0,1,fusion+,metastatic
NCT05734105,A Study of Ripretinib vs Sunitinib in Patients With Advanced GIST With Specific KIT Exon Mutations Who Were Previously Treated With Imatinib,PHASE3,Phase 3,ACTIVE_NOT_RECRUITING,54,"Deciphera Pharmaceuticals, LLC",Deciphera,17,1,0,active_comparator,2,sunitinib,ripretinib,KIT,Small Molecule,KIT,0,1,0,0,0,0,0,,metastatic · measurable (RECIST)
NCT05735184,"A Study to Investigate the Safety and Tolerability of Ziftomenib in Combination With Venetoclax/Azacitidine, Venetoclax, 7+3, or 7+3+Quizartinib in Patients With AML",PHASE1,Phase 1,RECRUITING,420,"Kura Oncology, Inc.",Kura Oncology,14,1,0,multi_experimental,13,ziftomenib,azacitidine;cytarabine;daunorubicin;quizartinib;venetoclax;ziftomenib,Menin,Small Molecule,KMT2A;NPM1,0,1,0,1,0,1,1,fusion+,advanced · 2nd-line+
NCT05755113,A Clinical Study to Investigate the Efficacy of Intratumoral Tigilanol Tiglate in Soft Tissue Sarcoma,PHASE2,Phase 2,RECRUITING,40,QBiotics Group Limited,QBiotics,4,1,0,single_arm,1,tigilanol tiglate,tigilanol tiglate,,,,0,1,0,0,0,1,0,,metastatic · 2nd-line+
NCT05824975,"A Study to Evaluate the Safety and Therapeutic Activity of GI-102 As a Single Agent and in Combination with Conventional Anti-cancer Drugs, Pembrolizumab or Trastuzumab Deruxtecan(T-DXd) in Patients with Advanced Solid Tumors (KEYNOTE-G08)",PHASE1;PHASE2,Phase 2,RECRUITING,358,"GI Innovation, Inc.",GI Innovation,4,1,1,multi_experimental,7,,bevacizumab;doxorubicin;eribulin;gi-102;gi-102 subcutaneous (sc);paclitaxel;pembrolizumab;trastuzumab deruxtecan (t-dxd),CD80,Bispecific Antibody,,1,1,0,0,0,0,0,,metastatic · measurable (RECIST)
NCT05830084,Phase Ib / Regorafenib With Conventional Chemotherapy/Newly Diagnosed Patients/ Multimetastatic Ewing Sarcoma,PHASE1,Phase 1,ACTIVE_NOT_RECRUITING,23,"Gustave Roussy, Cancer Campus, Grand Paris","Gustave Roussy, Cancer Campus, Grand Paris",31,0,1,single_arm,1,regorafenib tablet,regorafenib tablet,VEGF/VEGFR,Small Molecule,,0,1,0,1,0,0,1,fusion+,metastatic
NCT05830123,ARTEMIS-002: HS-20093 in Patients With Relapsed or Refractory Osteosarcoma and Other Sarcomas,PHASE2,Phase 2,RECRUITING,170,Hansoh BioMedical R&D Company,Hansoh,82,1,0,multi_experimental,4,hs-20093,hs-20093,B7-H3,ADC,PD-L1,1,1,0,1,1,1,1,fusion+,metastatic · 1st-line · measurable (RECIST)
NCT05857969,Ex Vivo Drug Sensitivity Testing and Multi-Omics Profiling,PHASE1,Phase 1,RECRUITING,65,Florida International University,Florida International University,1,0,0,single_arm,1,device: functional precision medicine,device: functional precision medicine,,,genomic,0,1,0,0,0,1,0,,recurrent · 2nd-line+
NCT05918640,Lurbinectedin in FET-Fused Tumors,PHASE1;PHASE2,Phase 2,RECRUITING,63,Children's Hospital of Philadelphia,Children's Hospital of Philadelphia,6,0,0,single_arm,1,lurbinectedin,lurbinectedin,RNA Pol II,Small Molecule,BRCA1;BRCA2;EZH2;SLFN11,0,1,0,1,0,1,1,fusion+,metastatic · 2nd-line+ · measurable (RECIST)
NCT05944237,HTL0039732 in Participants With Advanced Solid Tumours,PHASE1;PHASE2,Phase 2,RECRUITING,150,Cancer Research UK,Cancer Research UK,16,0,0,multi_experimental,3,,htl0039732 capsules;htl0039732 capsules and atezolizumab infusion,PD-L1,,HER2;PD-L1;genomic,0,1,1,0,0,1,1,PD-L1+,metastatic · 2nd-line+ · adenoca. · measurable (RECIST)
NCT05957367,A Study of Inlexisertib (DCC-3116) in Combination With Anticancer Therapies in Participants With Advanced Malignancies,PHASE1;PHASE2,Phase 2,RECRUITING,94,"Deciphera Pharmaceuticals, LLC",Deciphera,17,1,0,multi_experimental,4,inlexisertib,inlexisertib;ripretinib,MEK,Small Molecule,MAPK;RAS,0,1,0,0,0,0,0,,metastatic · measurable (RECIST)
NCT06025747,A Phase 1 Study of Neoadjuvant Abemaciclib in Combination With Radiation Therapy for Liposarcomas,PHASE1,Phase 1,RECRUITING,18,University of Washington,University of Washington,74,0,1,single_arm,1,abemaciclib;computed tomography;magnetic resonance imaging;radiation therapy;therapeutic surgical procedure,abemaciclib;computed tomography;magnetic resonance imaging;radiation therapy;therapeutic surgical procedure,ER,Small Molecule,ER;HER2,0,1,0,1,0,0,1,fusion+,metastatic · measurable (RECIST)
NCT06087263,"Phase 2 Study to Evaluate the Efficacy of Regorafenib in Specific GIST Mutation Subsets (KIT Exon 17, 18, or 14 Mutation and SDHB Deficient GIST) in the Post-imatinib Second-line Setting.",PHASE2,Phase 2,ACTIVE_NOT_RECRUITING,3,M.D. Anderson Cancer Center,M.D. Anderson Cancer Center,697,0,1,single_arm,1,regorafenib,regorafenib,VEGF/VEGFR,Small Molecule,,0,1,0,1,1,0,1,fusion+,metastatic · 1st-line · ductal · measurable (RECIST)
NCT06126510,Clinical Study of VG161 in the Treatment of Advanced Bone and Soft Tissue Sarcoma,PHASE2,Phase 2,RECRUITING,40,CNBG-Virogin Biotech (Shanghai) Ltd.,CNBG-Virogin Biotech (Shanghai),5,1,0,single_arm,1,recombinant human il12/15-pdl1b oncolytic hsv-1 injection (vero cell),recombinant human il12/15-pdl1b oncolytic hsv-1 injection (vero cell),PD-L1,Oncolytic Virus,MET;PD-L1,1,1,0,1,0,0,1,fusion+,metastatic · measurable (RECIST)
NCT06128863,Pembrolizumab in Combination With Eftilagimod Alpha and Radiotherapy in Neoadjuvant Treatment of Patients With Soft Tissue Sarcoma - EFTISARC-NEO Trial,PHASE2,Phase 2,ACTIVE_NOT_RECRUITING,40,Maria Sklodowska-Curie National Research Institute of Oncology,Maria Sklodowska-Curie National Research Institute of Oncology,1,0,0,single_arm,1,eftilagimod alfa;pembrolizumab,,PD-1,Monoclonal Antibody,PD-L1,1,1,1,0,0,0,1,PD-L1+,metastatic · measurable (RECIST)
NCT06156410,Cabozantinib With Ifosfamide in Relapsed/Refractory Sarcomas,PHASE1,Phase 1,RECRUITING,30,Children's Hospital of Philadelphia,Children's Hospital of Philadelphia,6,0,0,single_arm,1,cabozantinib,cabozantinib,MET,Small Molecule,MET;PD-L1,0,1,0,1,0,1,1,fusion+,metastatic · 2nd-line+ · squamous · measurable (RECIST)
NCT06208748,SARC044: A Phase II Trial of Bezuclastinib in Combination With Sunitinib in Patients With GIST,PHASE2,Phase 2,ACTIVE_NOT_RECRUITING,40,Sarcoma Alliance for Research through Collaboration,Sarcoma Alliance for Research through Collaboration,11,0,0,single_arm,1,bezuclastinib in combination with sunitinib,bezuclastinib in combination with sunitinib,KIT,Small Molecule,BRAF;KIT;MET,0,1,0,0,0,0,0,,metastatic · measurable (RECIST)
NCT06235125,Safety and Feasibility of Intraoperative Visualization With Cytalux in Children,PHASE1,Phase 1,RECRUITING,10,Ann & Robert H Lurie Children's Hospital of Chicago,Ann & Robert H Lurie Children's Hospital of Chicago,3,0,0,single_arm,1,cytalux,cytalux,,ADC,,1,1,0,0,0,0,0,,metastatic
NCT06242470,A Study of MGC026 in Participants With Advanced Solid Tumors,PHASE1,Phase 1,RECRUITING,250,MacroGenics,MacroGenics,29,1,0,multi_experimental,12,,mgc026 dose escalation;mgc026 dose for expansion,,,,0,1,0,0,0,0,0,,metastatic · squamous · measurable (RECIST)
NCT06263231,A Study to Investigate Efficacy & Safety of Intratumoral INT230-6 Compared to US Standard of Care in Adults With Soft Tissue Sarcomas (INVINCIBLE-3),PHASE3,Phase 3,RECRUITING,333,"Intensity Therapeutics, Inc.",Intensity Therapeutics,2,1,0,active_comparator,2,eribulin;pazopanib;trabectedin,int230-6,,Small Molecule,MET,0,1,0,1,0,0,1,fusion+,metastatic · squamous · measurable (RECIST)
NCT06277154,MASCT-I Combined With Doxorubicin and Ifosfamide for First-line Treatment of Advanced Soft Tissue Sarcoma,PHASE2,Phase 2,RECRUITING,148,HRYZ Biotech Co.,HRYZ Biotech,8,1,0,active_comparator,2,doxorubicin;ifosfamide,doxorubicin;ifosfamide;masct-i,,Cell Therapy,PD-L1,1,1,1,1,0,1,1,"PD-L1+, fusion+",metastatic · 2nd-line+ · measurable (RECIST)
NCT06298916,64Cu-LNTH-1363S in Patients With Sarcoma or Gastrointestinal Tract Cancer,PHASE1;PHASE2,Phase 2,RECRUITING,26,Lantheus Medical Imaging,Lantheus Medical Imaging,4,1,0,multi_experimental,2,64cu-lnth-1363s,64cu-lnth-1363s,FAP,Radiopharmaceutical,FAP,0,1,0,0,0,0,0,,metastatic
NCT06332274,tislelizUMaB in canceR Patients With molEcuLar residuaL Disease,PHASE3,Phase 3,RECRUITING,717,"Gustave Roussy, Cancer Campus, Grand Paris","Gustave Roussy, Cancer Campus, Grand Paris",31,0,1,placebo_comparator,4,blood sampling,blood sampling;tislelizumab,PD-1,Monoclonal Antibody,PD-L1,1,1,1,1,0,0,1,"PD-L1+, fusion+",neoadjuvant · small-cell · measurable (RECIST)
NCT06333314,Dostarlimab for Locally Advanced or Metastatic Cancer (Non-colorectal/Non-endometrial) With Tumor dMMR/MSI,PHASE2,Phase 2,RECRUITING,120,UNICANCER,UNICANCER,64,0,1,active_comparator,2,,dostarlimab,PD-1,Monoclonal Antibody,HER2;MMR;MSI;MSI-H;PD-L1;dMMR,1,0,1,0,1,0,1,PD-L1+,metastatic · 1st-line · adenoca. · measurable (RECIST) · ECOG 0-1
NCT06395103,Substudy 01A: Zilovertamab Vedotin in Pediatric and Young Adult Participants With Hematologic Malignancies or Solid Tumors (MK-9999-01A/LIGHTBEAM-U01),PHASE1;PHASE2,Phase 2,RECRUITING,90,Merck Sharp & Dohme LLC,Merck (MSD),649,1,1,single_arm,1,zilovertamab vedotin,zilovertamab vedotin,ROR1,ADC,CD19,1,1,0,0,0,0,0,,
NCT06414434,BTX-A51 in Patients With Liposarcoma or CIC-rearranged Sarcoma,PHASE1,Phase 1,ACTIVE_NOT_RECRUITING,24,"Michael Wagner, MD","Michael Wagner, MD",1,0,0,multi_experimental,2,btx-a51,btx-a51,CK1alpha,Small Molecule,CIC;MDM2,0,1,0,1,0,0,1,fusion+,metastatic · measurable (RECIST)
NCT06441331,Phase I Trial to Determine the Dose and Evaluate the PK and Safety of Lutetium Lu 177 Edotreotide Therapy in Pediatric Participants With SSTR-positive Tumors,PHASE1,Phase 1,RECRUITING,20,ITM Solucin GmbH,ITM Solucin,3,1,0,single_arm,1,amino acid solution;lutetium lu 177-edotreotide,amino acid solution;lutetium lu 177-edotreotide,SSTR2,Radiopharmaceutical,Somatostatin Receptor,0,1,0,0,0,1,0,,metastatic · 2nd-line+
NCT06444880,Phase II Trial of Ubamatamab Alone or in Combination With Cemiplimab in MUC16-Expressing SMARCB1-Deficient Malignancies,PHASE2,Phase 2,ACTIVE_NOT_RECRUITING,15,M.D. Anderson Cancer Center,M.D. Anderson Cancer Center,697,0,1,multi_experimental,2,ubamatamab,cemiplimab;ubamatamab,MUC16,Bispecific Antibody,MUC16;PD-L1;biomarker,1,1,1,1,0,1,1,"PD-L1+, fusion+",metastatic · 2nd-line+ · adenoca.
NCT06465199,"Eflornithine (DFMO) and AMXT 1501 for Neuroblastoma, CNS Tumors, and Sarcomas",PHASE1;PHASE2,Phase 2,RECRUITING,265,Milton S. Hershey Medical Center,Milton S. Hershey Medical Center,10,0,0,active_comparator,4,eflornithine (dfmo),amxt 1501 dicaprate;eflornithine (dfmo),ODC,Small Molecule,,0,1,0,0,0,1,0,,metastatic · 2nd-line+
NCT06476704,Study of Preoperative RAdiation Therapy With Concomitant Liposomal Transcrocetin (L-TC) in Soft tISsue Sarcomas,PHASE2,Phase 2,NOT_YET_RECRUITING,42,Centre Paul Strauss,Centre Paul Strauss,1,0,0,active_comparator,2,hfrt alone,administration of l-tc,,,,0,1,0,0,0,0,0,,metastatic
NCT06500091,TQB2916 Injection Combined With Chemotherapy or Penpulimab Injection in the Treatment of Solid Tumors,PHASE2,Phase 2,NOT_YET_RECRUITING,54,"Chia Tai Tianqing Pharmaceutical Group Co., Ltd.",Chia Tai Tianqing Pharmaceutical,213,1,0,multi_experimental,2,,tqb2916 injection + doxorubicin hydrochloride for injection;tqb2916 injection+penpulimab injection,PD-1,Monoclonal Antibody,PD-L1,1,1,0,1,0,1,1,fusion+,metastatic · 2nd-line+ · measurable (RECIST) · ECOG 0-1
NCT06537596,89Zr-olaratumab Dosimetry in Participants With PDGFR Alpha Positive Solid Tumours and Soft Tissue Sarcoma,PHASE1,Phase 1,RECRUITING,50,Telix Pharmaceuticals (Innovations) Pty Ltd,Telix Pharmaceuticals (Innovations) Pty,19,1,0,multi_experimental,3,89zr-dfosq-olaratumab (89zr-tlx300-cdx),89zr-dfosq-olaratumab (89zr-tlx300-cdx),PDGFR-alpha,Monoclonal Antibody,CDX;PDGFR-ALPHA,1,1,0,0,0,0,0,,
NCT06564272,A Study of KC1036 in Adolescents With Advanced Ewing Sarcoma,PHASE2,Phase 2,RECRUITING,30,"Beijing Konruns Pharmaceutical Co., Ltd.",Beijing Konruns Pharmaceutical,10,1,0,single_arm,1,kc1036,kc1036,AXL,Small Molecule,,0,1,0,1,0,0,1,fusion+,metastatic · measurable (RECIST)
NCT06566092,"Study of Autologous Tumor-Infiltrating Lymphocytes in Pediatric, Adolescent, and Young Adult Participants",PHASE1,Phase 1,ACTIVE_NOT_RECRUITING,40,"Iovance Biotherapeutics, Inc.",Iovance Biotherapeutics,15,1,0,multi_experimental,4,ln-145/ln-144,ln-145/ln-144,,Cell Therapy,,1,1,0,0,0,1,0,,metastatic · 2nd-line+
NCT06630234,A Master Protocol to Evaluate DCC-3009 in Gastrointestinal Stromal Tumor (GIST),PHASE1;PHASE2,Phase 2,RECRUITING,120,"Deciphera Pharmaceuticals, LLC",Deciphera,17,1,0,single_arm,1,dcc-3009,dcc-3009,KIT,Small Molecule,KIT,0,1,0,0,0,0,0,,metastatic · measurable (RECIST)
NCT06640361,A Study of Olverembatinib in SDH-deficient GIST.,PHASE3,Phase 3,RECRUITING,40,Ascentage Pharma Group Inc.,Ascentage Pharma,45,1,0,single_arm,1,olverembatinib,olverembatinib,BCL2,Small Molecule,BCR-ABL1,0,1,0,0,0,0,0,,metastatic · ECOG 2
NCT06644755,First-in-Human Trial of DS-2243a in Participants With Advanced Solid Tumors,PHASE1,Phase 1,RECRUITING,150,Daiichi Sankyo,Daiichi Sankyo,178,1,1,multi_experimental,5,ds-2243a,ds-2243a,NY-ESO-1,Bispecific Antibody,HER2;HLA-A*02;MET;NY-ESO,1,1,0,1,0,1,1,fusion+,metastatic · 2nd-line+ · measurable (RECIST)
NCT06645808,PET-imaging of Two Vartumabs in Patients With Solid Tumors,EARLY_PHASE1,Phase 1,RECRUITING,32,Var2 Pharmaceuticals,Var2 Pharmaceuticals,1,1,0,multi_experimental,2,pet/ct scan,89zr-dfo-n-suc-c9scfv;89zr-dfo-n-suc-f8scfv;pet/ct scan,oncofetal chondroitin sulfate,Radiopharmaceutical,,0,1,0,0,0,0,0,,adjuvant · squamous
NCT06655246,A Study of Ziftomenib in Combination With Imatinib in Patients With Advanced Gastrointestinal Stromal Tumors (GIST),PHASE1,Phase 1,RECRUITING,157,"Kura Oncology, Inc.",Kura Oncology,14,1,0,multi_experimental,3,imatinib mesylate;ziftomenib,imatinib mesylate;ziftomenib,IDH1,Small Molecule,KMT2A;NPM1,0,1,0,0,0,0,0,,metastatic · measurable (RECIST)
NCT06660810,Neoadjuvant Intralesional Injection of Talimogene Laherparepvec,PHASE2,Phase 2,ACTIVE_NOT_RECRUITING,2,John Rieth,John Rieth,3,0,1,single_arm,1,neoadjuvant radiation;surgery;talimogene laherparepvec,neoadjuvant radiation;surgery;talimogene laherparepvec,,Oncolytic Virus,,1,1,0,0,0,0,0,,metastatic · measurable (RECIST)
NCT06699576,ARTEMIS-103: Phase 1b Study of HS-20093 Combinations in Patients with Bone and Soft Tissue Sarcoma.,PHASE1,Phase 1,NOT_YET_RECRUITING,448,Hansoh BioMedical R&D Company,Hansoh,82,1,0,multi_experimental,4,hs-20093,adebrelimab;anlotinib;epirubicin;hs-20093,B7-H3,ADC,PD-L1,1,1,1,1,0,0,1,"PD-L1+, fusion+",metastatic · measurable (RECIST)
NCT06700070,A Phase 0 Multicenter Study of the Pharmacodynamic Effects of Intratumoral Microdose Administration of PBA-0111 in Patients With Solid Tumors,EARLY_PHASE1,Phase 1,RECRUITING,12,Pure Biologics S.A.,Pure Biologics,2,1,0,single_arm,1,pba-0111,pba-0111,,,biomarker,0,1,0,0,0,0,0,,metastatic
NCT06709495,Phase 1/2 Trial to Evaluate the Safety and Efficacy of PEEL-224 in Combination With Vincristine and Temozolomide in Adolescents and Young Adults With Relapsed or Refractory Sarcomas,PHASE1;PHASE2,Phase 2,RECRUITING,63,"David S Shulman, MD","David S Shulman, MD",1,0,0,multi_experimental,9,filgrastim;peel-224;pegfilgrastim;temozolomide;vincristine,filgrastim;peel-224;pegfilgrastim;temozolomide;vincristine,TOP1,Small Molecule,,0,1,0,1,0,1,1,fusion+,metastatic · 2nd-line+ · measurable (RECIST)
NCT06710756,Lead-212 PSV359 Therapy for Patients With Solid Tumors,PHASE1;PHASE2,Phase 2,RECRUITING,112,Perspective Therapeutics,Perspective Therapeutics,4,1,0,multi_experimental,2,[203pb]pb-psv359;[212pb]pb-psv359,[203pb]pb-psv359;[212pb]pb-psv359,FAP,Radiopharmaceutical,FAP,0,1,0,0,0,0,0,,metastatic · ECOG 0-1
NCT06748872,"EPITOME-1015-I: a Study to Investigate the Safety and Tolerability of MDG1015 in Patients with Epithelial Ovarian Cancer, Gastroesophageal Adenocarcinoma, Round Cell Liposarcoma And/or Synovial Sarcoma",PHASE1,Phase 1,NOT_YET_RECRUITING,55,Medigene AG,Medigene,4,1,0,single_arm,1,lymphodepletion;tcr-t cells (mdg1015),lymphodepletion;tcr-t cells (mdg1015),NY-ESO-1,Cell Therapy,LAGE-1A;NY-ESO-1,1,1,0,0,0,0,0,,metastatic · adenoca. · measurable (RECIST)
NCT06789172,"A Phase 1, First-in-human Study of OKN4395 and Pembrolizumab in Patients With Solid Tumors",PHASE1,Phase 1,RECRUITING,146,Epkin,Epkin,1,1,0,multi_experimental,7,okn4395,fasting;fed;h2 receptor antagonist;okn4395;pembrolizumab,EP2,Small Molecule,ALK;HER2;MSI;PD-L1,0,1,1,0,1,1,1,PD-L1+,metastatic · 1st-line · adenoca. · measurable (RECIST)
NCT06797999,First-in-Human Study of ADCE-D01 in Soft Tissue Sarcoma,PHASE1;PHASE2,Phase 2,RECRUITING,270,Adcendo ApS,Adcendo,3,1,0,single_arm,1,antibody-drug conjugate (adc),,uPARAP,ADC,,1,0,0,1,0,0,1,fusion+,metastatic · measurable (RECIST)
NCT06805825,A Study of the c-Kit Specific Antibody-Drug Conjugate NN3201 for Advanced and/or Metastatic Solid Tumors Known to Express c-Kit,PHASE1,Phase 1,RECRUITING,67,"Novelty Nobility, Inc.",Novelty Nobility,1,1,0,multi_experimental,4,nn3201,nn3201,KIT,ADC,C-KIT;MET,1,1,0,0,0,1,0,,metastatic · 2nd-line+
NCT06827717,Phase II Study of Irinotecan Liposome (II) Combined With Temozolomide and Fluzoparib in Recurrent or Metastatic Ewing Sarcoma,PHASE2,Phase 2,RECRUITING,29,Sun Yat-sen University,Sun Yat-sen University,73,0,0,single_arm,1,irinotecan liposome (ii) + temozolomide + fluzoparib,irinotecan liposome (ii) + temozolomide + fluzoparib,PARP,Small Molecule,BRCA1;BRCA2,0,1,0,1,1,0,1,fusion+,metastatic · 1st-line · squamous · measurable (RECIST)
NCT06909877,Study to Evaluate Efficacy and Safety of HH2853 in Relapsed/Refractory Peripheral T-cell Lymphoma,PHASE1;PHASE2,Phase 2,RECRUITING,100,"Haihe Biopharma Co., Ltd.",Haihe Biopharma,17,1,0,single_arm,1,hh2853 tablets,hh2853 tablets,EZH1/2,Small Molecule,INI1;MET,0,1,0,0,0,1,0,,2nd-line+ · ECOG 0-1
NCT06910657,IDOV-Immune for Advanced Solid Tumors,PHASE1,Phase 1,RECRUITING,78,"ViroMissile, Inc.",ViroMissile,1,1,0,single_arm,1,idov-immune (oncolytic vaccinia virus),idov-immune (oncolytic vaccinia virus),,Oncolytic Virus,,1,1,0,0,0,0,0,,metastatic · measurable (RECIST)
NCT06926283,A Study of DXC008 in Patients With Prostate Cancer and Other Solid Tumors,PHASE1,Phase 1,RECRUITING,110,"Hangzhou DAC Biotechnology Co., Ltd.",Hangzhou DAC Biotechnology,5,1,0,single_arm,1,dxc008,dxc008,STEAP1,ADC,,1,1,0,1,0,0,1,fusion+,metastatic · squamous · measurable (RECIST)
NCT06942143,"An Open-label, Phase I Clinical Trial of Super1 TCR-T in NY-ESO-1-positive Patients With Advanced Solid Tumors",PHASE1,Phase 1,RECRUITING,15,"Guangzhou FineImmune Biotechnology Co., LTD.",Guangzhou FineImmune Biotechnology,5,1,0,single_arm,1,super1 tcr-t,super1 tcr-t,NY-ESO-1,CAR-T,MET;NY-ESO-1,1,1,0,1,1,0,1,fusion+,1st-line · measurable (RECIST) · ECOG 0-1
NCT06943521,A Study of MT-4561 in Patients With Various Advanced Solid Tumors,PHASE1;PHASE2,Phase 2,RECRUITING,27,"Tanabe Pharma America, Inc.",Tanabe Pharma America,3,1,0,single_arm,1,mt-4561,mt-4561,BRD4,Small Molecule,,0,1,0,0,0,0,0,,metastatic · adenoca. · measurable (RECIST)
NCT06946225,ACTengine® IMA203 Combined With mRNA-4203,PHASE1,Phase 1,RECRUITING,15,"Immatics US, Inc.",Immatics US,6,1,0,single_arm,1,ima203;mrna-4203,ima203;mrna-4203,PRAME,Cell Therapy,HLA-A*02:01;PD-L1,1,1,0,1,0,0,1,fusion+,metastatic · squamous · measurable (RECIST)
NCT06957431,Zanzalintinib Combined With Eribulin in Advanced Liposarcoma and Leiomyosarcoma,PHASE1,Phase 1,RECRUITING,18,Washington University School of Medicine,Washington University School of Medicine,178,0,0,multi_experimental,3,eribulin;zanzalintinib,eribulin;zanzalintinib,EGFR,Small Molecule,PD-L1,0,1,0,1,0,0,1,fusion+,metastatic · measurable (RECIST)
NCT06975293,STC-15 as a Part of Combination Therapy With Toripalimab in Selected Advanced Cancers and as Monotherapy in Participants With Selected Sarcomas,PHASE1;PHASE2,Phase 2,RECRUITING,107,STORM Therapeutics LTD,STORM Therapeutics,2,1,0,multi_experimental,3,,stc-15 in combination with toripalimab;stc-15 monotherapy,METTL3,Small Molecule,,0,1,0,0,0,0,0,,metastatic · measurable (RECIST)
NCT06988475,DETERMINE Trial Treatment Arm 06: Capmatinib in Adult Patients With Cancers Harbouring MET Dysregulations,PHASE2;PHASE3,Phase 3,RECRUITING,30,Cancer Research UK,Cancer Research UK,16,0,1,single_arm,1,capmatinib,capmatinib,MET,Small Molecule,MET,0,1,0,1,0,0,1,fusion+,metastatic · squamous
NCT07007273,Pembrolizumab for Advanced Cutaneous Sarcomas Not Including Angiosarcoma,PHASE2,Phase 2,RECRUITING,17,H. Lee Moffitt Cancer Center and Research Institute,H. Lee Moffitt Cancer Center and Research Institute,228,0,1,single_arm,1,pembrolizumab,pembrolizumab,PD-1,Monoclonal Antibody,PD-L1,1,1,1,0,0,0,1,PD-L1+,metastatic · measurable (RECIST)
NCT07032285,Cirtuvivint in Selected Advanced Soft-Tissue Sarcomas,PHASE2,Phase 2,RECRUITING,25,Asociación Europea y Latinoamericana SELNET para la Investigación en Sarcomas,Asociación Europea y Latinoamericana SELNET para la Investigación en Sarcomas,1,0,0,single_arm,1,cirtuvivint,cirtuvivint,CLK,Cell Therapy,,1,1,0,0,0,0,0,,metastatic · measurable (RECIST)
NCT07048184,Sarcoma Surgery Wound Complications Comparing Usual Versus Negative Pressure Dressing,PHASE2,Phase 2,NOT_YET_RECRUITING,94,NHS Greater Glasgow and Clyde,NHS Greater Glasgow and Clyde,4,0,0,active_comparator,2,device: standard absorbent dressings,device: negative pressure wound therapy (npwt) dressings,,,,0,1,0,0,0,0,0,,
NCT07049848,"SATURN-STS: Phase II Study of Neoadjuvant Atezolizumab With Doxorubicin, Concurrent Atezolizumab With Pre-operative Radiation Therapy and Adjuvant Atezolizumab in Patients With High-risk Surgically Resectable Extremity and Truncal Soft Tissue Sarcoma",PHASE2,Phase 2,RECRUITING,50,M.D. Anderson Cancer Center,M.D. Anderson Cancer Center,697,0,1,single_arm,1,atezolizumab;doxorubicin hydrochloride,atezolizumab;doxorubicin hydrochloride,PD-L1,Monoclonal Antibody,CMMRD;MET;MSI-H;PD-L1;TMB,1,1,1,0,1,0,1,PD-L1+,metastatic · 1st-line · measurable (RECIST)
NCT07052383,Safety and Efficacy of DIT309 in Advanced Bone and Soft Tissue Sarcomas,PHASE1,Phase 1,RECRUITING,15,Tcelltech Inc.,Tcelltech,4,1,0,single_arm,1,dit309 cell injection,dit309 cell injection,,Cell Therapy,,1,1,0,1,0,0,1,fusion+,metastatic · measurable (RECIST)
NCT07064018,"Trial of Single Protein Encapsulated Doxorubicin, SPEDOX-6 in Advanced Malignancies",PHASE1;PHASE2,Phase 2,RECRUITING,67,"University of California, Irvine","University of California, Irvine",22,0,0,multi_experimental,8,spedox-6,filgrastim;pegfilgrastim;spedox-6,KRAS,Small Molecule,FCRN;KRAS,0,1,0,0,0,1,0,,metastatic · 2nd-line+ · adenoca. · measurable (RECIST)
NCT07089992,A Study of Pembrolizumab in People With Ultra-Rare Sarcomas,PHASE2,Phase 2,RECRUITING,32,Memorial Sloan Kettering Cancer Center,Memorial Sloan Kettering Cancer Center,411,0,1,multi_experimental,5,pembrolizumab,pembrolizumab,PD-1,Monoclonal Antibody,PD-L1,1,1,1,1,0,0,1,"PD-L1+, fusion+",metastatic · measurable (RECIST)
NCT07156565,Actinium Therapy for Late-stage Aggressive Sarcomas,PHASE1,Phase 1,RECRUITING,48,"Ratio Therapeutics, Inc.",Ratio Therapeutics,2,1,0,single_arm,1,[ac 225]rtx-2358;diagnostic test: [cu64]lnth-1363s,[ac 225]rtx-2358;diagnostic test: [cu64]lnth-1363s,FAP,Radiopharmaceutical,CD20;FAP,0,1,0,0,0,1,0,,metastatic · 2nd-line+ · measurable (RECIST)
NCT07156643,"A Prospective, Single-arm, Multicenter Exploratory Clinical Study of Anlotinib Combined With Bempegaldesleukin and Conventional Chemoradiotherapy for the Treatment of Unresectable Locally Advanced or Metastatic Soft Tissue Sarcoma.",PHASE2,Phase 2,NOT_YET_RECRUITING,46,The First Affiliated Hospital with Nanjing Medical University,The First Affiliated Hospital with Nanjing Medical University,30,0,0,single_arm,1,anlotinib and bempegaldesleukin,anlotinib and bempegaldesleukin,VEGF/VEGFR,Small Molecule,PD-L1,0,1,1,1,0,0,1,"PD-L1+, fusion+",metastatic · measurable (RECIST)
NCT07192068,Clinical Trial Evaluating the Activity of Zanidatamab for the Treatment of Patients With Solid Tumors With an Alteration of the HER2 Gene.,PHASE2,Phase 2,RECRUITING,105,UNICANCER,UNICANCER,64,0,0,single_arm,1,zanidatamab,zanidatamab,HER2,Bispecific Antibody,HER2,1,1,0,1,0,0,1,fusion+,metastatic · squamous · measurable (RECIST)
NCT07197554,"A Phase 1/1B Study of ST-01156, a Small Molecule RBM39 Degrader, in Patients With Advanced Solid Malignancies",PHASE1,Phase 1,RECRUITING,171,"SEED Therapeutics, Inc.",SEED Therapeutics,1,1,0,single_arm,1,st-01156,st-01156,RBM39,Small Molecule,,0,1,0,0,0,1,0,,metastatic · 2nd-line+ · measurable (RECIST)
NCT07261631,Phase I Study of [177Lu]Lu-DFC413 in Patients With Solid Tumors,PHASE1,Phase 1,RECRUITING,180,Novartis Pharmaceuticals,Novartis,836,1,1,single_arm,1,177lu-dfc413;68ga-nns309,177lu-dfc413;68ga-nns309,,Radiopharmaceutical,HER2;MMR;MSI;MSI-H;dMMR;genomic,0,1,0,0,0,0,0,,metastatic · ductal
NCT07283731,Phase 2 Trial of Zanzalintinib and Pembrolizumab in Select Subtypes of Advanced/Metastatic Soft-tissue Sarcoma,PHASE2,Phase 2,RECRUITING,20,M.D. Anderson Cancer Center,M.D. Anderson Cancer Center,697,0,0,single_arm,1,pembrolizumab;zanzalintinib,pembrolizumab;zanzalintinib,EGFR,Small Molecule,PD-L1,0,1,0,1,0,0,1,fusion+,metastatic · measurable (RECIST)
NCT07297979,"Evaluation of Xaluritamig in Adults, Adolescents and Children With Relapsed or Refractory Ewing Sarcoma (EWS)",PHASE1,Phase 1,RECRUITING,50,Amgen,Amgen,323,1,1,multi_experimental,2,xaluritamig,xaluritamig,STEAP1,Bispecific Antibody,STEAP1 protein,1,1,0,1,0,1,1,fusion+,metastatic · 2nd-line+ · measurable (RECIST)
NCT07321912,Eflornithine (DFMO) for Ewing Sarcoma and Osteosarcoma,PHASE2,Phase 2,RECRUITING,406,Milton S. Hershey Medical Center,Milton S. Hershey Medical Center,10,0,0,multi_experimental,5,eflornithine,cisplatin;cyclophosphamide;doxorubicin;eflornithine;etoposide;ifosfamide;methotrexate;topotecan;vincristine,ODC,Small Molecule,MET,0,1,0,1,0,1,1,fusion+,metastatic · 2nd-line+
NCT07379047,Efficacy and Safety of NB003 in Patients With Advanced Gastrointestinal Stromal Tumors (GIST),PHASE2;PHASE3,Phase 3,RECRUITING,255,"Ningbo Newbay Technology Development Co., Ltd",Ningbo Newbay Technology Development,3,1,0,active_comparator,3,nb003;regorafenib,nb003,KIT,Small Molecule,KIT;PR,0,1,0,1,0,1,1,fusion+,metastatic · 2nd-line+ · squamous · measurable (RECIST) · ECOG 0-1
NCT07406633,KQB198 in Combination With Imatinib in Participants With Advanced/Metastatic GIST in 1st Line Setting (SynerGIST-1st Line),PHASE2,Phase 2,RECRUITING,46,Kumquat Biosciences Inc.,Kumquat Biosciences,7,1,0,single_arm,1,imatinib (gleevec);kqb198,imatinib (gleevec);kqb198,,,,0,1,0,0,1,0,0,,metastatic · 1st-line · measurable (RECIST)
NCT07434843,PH 2 Pemigatinib in SDH-deficient GIST,PHASE2,Phase 2,RECRUITING,24,Dana-Farber Cancer Institute,Dana-Farber Cancer Institute,326,0,0,single_arm,1,pemigatinib,pemigatinib,FGFR,Small Molecule,FGFR3,0,1,0,0,0,1,0,,metastatic · 2nd-line+ · squamous · measurable (RECIST)
NCT07459283,"The Safety, Dosimetry and Efficacy of 177Lu-INN805 in Patients With Malignant Solid Tumors",EARLY_PHASE1,Phase 1,RECRUITING,10,"FindCure Biosciences (ZhongShan) Co., Ltd.",FindCure Biosciences (ZhongShan),5,1,0,single_arm,1,inn805,inn805,,Radiopharmaceutical,,0,1,0,0,0,0,0,,metastatic · measurable (RECIST)
NCT07460986,A Phase Ib/II Study to Evaluate Safety and Efficacy of Bexmarilimab in Combination With Doxorubicin in Metastatic Soft-tissue Sarcoma.,PHASE1;PHASE2,Phase 2,RECRUITING,278,MedSIR,MedSIR,27,0,0,active_comparator,4,doxorubicin,bexmarilimab;doxorubicin,CLEVER-1,Monoclonal Antibody,,1,1,0,1,0,1,1,fusion+,metastatic · 2nd-line+ · squamous · measurable (RECIST)
NCT07548177,Clinical Trials of Benmelstobart Injection Combined With Anlotinib Hydrochloride Capsules in the Treatment of Advanced or Unresectable Alveolar Soft Part Sarcoma,PHASE2,Phase 2,RECRUITING,33,"Chia Tai Tianqing Pharmaceutical Group Co., Ltd.",Chia Tai Tianqing Pharmaceutical,213,1,0,single_arm,1,benmelstobart injection combined with anlotinib hydrochloride capsule,benmelstobart injection combined with anlotinib hydrochloride capsule,,Small Molecule,MET;PD-L1,0,1,1,1,0,0,1,"PD-L1+, fusion+",metastatic · measurable (RECIST) · ECOG 0-1
NCT07585266,A Study to Investigate Velzatinib Compared With Imatinib in Adult Participants With Previously Untreated Metastatic and/or Unresectable Gastrointestinal Stromal Tumors (StrateGIST Frontline),PHASE3,Phase 3,RECRUITING,800,GlaxoSmithKline,GSK,468,1,1,multi_experimental,2,,imatinib;velzatinib,KIT,Small Molecule,KIT;MET,0,1,0,1,0,1,1,fusion+,metastatic · 2nd-line+ · squamous
NCT07602777,A Study Evaluating the Efficacy and Safety of Risvutatug Rezetecan in Participants With Advanced Sarcomas (EMBOLD Sarcoma-202),PHASE1;PHASE2,Phase 2,RECRUITING,113,GlaxoSmithKline,GSK,468,1,1,multi_experimental,3,ris-rez,g-csf;ris-rez,B7-H3,ADC,,1,1,0,0,0,0,0,,metastatic
NCT07618377,Study of DCC-2618 in Patients With GIST After at Least 3 Prior Treatments,PHASE1,Phase 1,RECRUITING,10,"Ono Pharmaceutical Co., Ltd.",Ono Pharmaceutical,44,1,0,single_arm,1,dcc-2618,dcc-2618,KIT,Small Molecule,KIT,0,1,0,0,0,1,0,,2nd-line+ · measurable (RECIST)
NCT07630961,Phase I Study of JFI447 [68Ga]Ga-DFC413 and Comparison to FFG233 [68Ga]Ga-NNS309 in Patients With Solid Tumors,PHASE1,Phase 1,RECRUITING,66,Novartis Pharmaceuticals,Novartis,836,1,1,multi_experimental,2,68ga-dfc413,68ga-dfc413;68ga-nns309,HER2,Radiopharmaceutical,HER2,0,1,0,0,0,0,0,,metastatic · ductal · measurable (RECIST)
NCT07734116,A Study of ONO-4538HSC in Pediatric Patients With Malignant Solid Tumors and in Patients With Epithelioid Sarcoma.,PHASE1;PHASE2,Phase 2,RECRUITING,50,"Ono Pharmaceutical Co., Ltd.",Ono Pharmaceutical,44,1,0,single_arm,1,ono-4538hsc,ono-4538hsc,,,PD-L1,0,1,1,0,0,1,1,PD-L1+,metastatic · 2nd-line+ · measurable (RECIST) · ECOG 0-1
NCT07741877,A Study of Lifileucel (Tumor-infiltrating Lymphocytes) in Adults With Advanced Soft Tissue Sarcoma,PHASE2,Phase 2,NOT_YET_RECRUITING,80,"Iovance Biotherapeutics, Inc.",Iovance Biotherapeutics,15,1,0,single_arm,1,lifileucel,lifileucel,,Cell Therapy,,1,1,0,0,0,0,0,,metastatic · measurable (RECIST)
NCT07801222,A Study to Assess Safety and Efficacy of SOT106 in Patients With LRRC15-positive Advanced Unresectable or Metastatic Osteosarcoma or Soft Tissue Sarcoma,PHASE1;PHASE2,Phase 2,NOT_YET_RECRUITING,70,SOTIO Biotech a.s.,SOTIO Biotech a.s.,3,1,0,multi_experimental,6,sot106,sot106,,ADC,,1,1,0,1,0,1,1,fusion+,metastatic · 2nd-line+ · measurable (RECIST)
NCT07811232,"A Study of AL58805 in Advanced, Metastatic GYN, STS or Breast Cancers",PHASE1;PHASE2,Phase 2,NOT_YET_RECRUITING,138,"Advenchen Pharmaceuticals, LLC.",Advenchen Pharmaceuticals,3,1,0,multi_experimental,6,al58805,al58805;al8326;eribulin;fulvestrant,,Small Molecule,MMR;PD-L1;biomarker,0,1,1,1,0,0,1,"PD-L1+, fusion+",metastatic · measurable (RECIST)
NCT07811297,"A Study of Catequentinib Hydrochloride (AL3818) in Endometrial, LGSOC, STS or GBM Cancers",PHASE1;PHASE2,Phase 2,NOT_YET_RECRUITING,138,"Advenchen Pharmaceuticals, LLC.",Advenchen Pharmaceuticals,3,1,0,multi_experimental,7,al3818,al3818;al58805;ccnu;temozolomide (tmz),,Small Molecule,,0,1,0,1,0,0,1,fusion+,metastatic · measurable (RECIST)
